ISO-10303-21;
HEADER;
FILE_DESCRIPTION(('ViewDefinition [Design_Transfer_View]','ExchangeRequirement [Architecture]','Option [Elements to export: Visible elements (on all stories)]','Option [Partial Structure Display: Entire Model]','Option [IFC Domain: All]','Option [Structural Function: All Elements]','Option [Convert Grid elements: On]','Option [Convert IFC Annotations and Archicad 2D elements: Off]','Option [Convert 2D symbols of Doors and Windows: Off]','Option [Export geometries that Participates in Collision Detection only: Off]','Option [Split complex elements: Off]','Option [Material Preservation: Explode where necessary]','Option [Elements in Solid Element Operations: Extruded/revolved]','Option [Elements with junctions: Extruded/revolved without junctions]','Option [IFC Model position: Survey Point and Project Origin]','Option [Curtain Wall export mode: Container Element]','Option [Railing export mode: Single Element]','Option [Stair export mode: Container Element]','Option [Properties To Export: All properties]','Option [Space containment: Off]','Option [Geometry to type objects: Off]','Option [Element Properties: Off]','Option [Building Material Properties: Off]','Option [Element Parameters: Off]','Option [Component Parameters: Off]','Option [IFC Base Quantities: Off]','Option [Door Window Parameters: On]','Option [IFC Space boundaries: Off]','Option [Archicad Zone Categories as IFC Space classification data: Off]','Option [Element Classifications: On]'),'2;1');
FILE_NAME('C:\\Users\\bello\\Downloads\\CadTech_Truss_Studio (2)\\Example Impoting files\\TRUSSES.ifc','2026-10-02T15:30:09',('Architect'),('Building Designer Office'),'DDS_IFC v3.0','Graphisoft - Archicad - 28.4.0','The authorising person');
FILE_SCHEMA(('IFC4'));
ENDSEC;
DATA;
#15=IFCCONVERSIONBASEDUNIT(#91,.SOLIDANGLEUNIT.,'SQUAREDEGREE',#92);
#14=IFCCONVERSIONBASEDUNIT(#89,.PLANEANGLEUNIT.,'DEGREE',#90);
#13=IFCSIUNIT(*,.VOLUMEUNIT.,$,.CUBIC_METRE.);
#12=IFCSIUNIT(*,.AREAUNIT.,$,.SQUARE_METRE.);
#11=IFCSIUNIT(*,.LENGTHUNIT.,.MILLI.,.METRE.);
#10=IFCGEOMETRICREPRESENTATIONSUBCONTEXT('Body','Model',*,*,*,*,#3,$,.MODEL_VIEW.,$);
#9=IFCDIRECTION((0.,1.));
#8=IFCAXIS2PLACEMENT3D(#29,#30,#31);
#7=IFCAPPLICATION(#28,'28.4.0','Archicad 28.4.0 (7006) INT FULL','Archicad');
#6=IFCPERSONANDORGANIZATION(#26,#27,$);
#5=IFCRELAGGREGATES('0Du7$nzQXCktKlPUTLFSAT',#2,$,$,#1,(#25));
#4=IFCUNITASSIGNMENT((#11,#12,#13,#14,#15,#16,#17,#18,#19,#20,#21,#22,#23,#24));
#3=IFCGEOMETRICREPRESENTATIONCONTEXT($,'Model',3,0.01,#8,#9);
#2=IFCOWNERHISTORY(#6,#7,$,.NOCHANGE.,$,$,$,1790935208);
#1=IFCPROJECT('344O7vICcwH8qAEnwJDjSU',#2,'Project',$,$,$,$,(#3),#4);
#16=IFCMONETARYUNIT('USD');
#17=IFCCONVERSIONBASEDUNIT(#93,.TIMEUNIT.,'Year',#94);
#18=IFCSIUNIT(*,.MASSUNIT.,.KILO.,.GRAM.);
#21=IFCSIUNIT(*,.ENERGYUNIT.,.MEGA.,.JOULE.);
#20=IFCSIUNIT(*,.LUMINOUSINTENSITYUNIT.,$,.LUMEN.);
#19=IFCSIUNIT(*,.THERMODYNAMICTEMPERATUREUNIT.,$,.DEGREE_CELSIUS.);
#23=IFCDERIVEDUNIT((#98,#99,#100),.SPECIFICHEATCAPACITYUNIT.,$);
#22=IFCDERIVEDUNIT((#95,#96,#97),.THERMALCONDUCTANCEUNIT.,$);
#24=IFCDERIVEDUNIT((#101,#102),.MASSDENSITYUNIT.,$);
#30=IFCDIRECTION((0.,0.,1.));
#29=IFCCARTESIANPOINT((0.,0.,0.));
#31=IFCDIRECTION((1.,0.,0.));
#28=IFCORGANIZATION('GS','Graphisoft',$,$,$);
#27=IFCORGANIZATION($,'Undefined',$,$,$);
#26=IFCPERSON($,'Undefined',$,$,$,$,$,$);
#25=IFCSITE('20FpTZCqJy2vhVJYtjuIce',#2,'Site',$,$,#103,$,$,.ELEMENT.,(47,33,34,920000),(19,3,17,172000),0.,$,$);
#35=IFCSHAPEREPRESENTATION(#10,'Body','Clipping',(#112));
#34=IFCSHAPEREPRESENTATION(#10,'Body','Clipping',(#110));
#33=IFCSTYLEDREPRESENTATION(#10,$,$,(#108));
#32=IFCSHAPEREPRESENTATION(#10,'Body','Clipping',(#105));
#36=IFCSHAPEREPRESENTATION(#10,'Body','Clipping',(#114));
#37=IFCSHAPEREPRESENTATION(#10,'Body','SweptSolid',(#116));
#38=IFCSHAPEREPRESENTATION(#10,'Body','Clipping',(#118));
#43=IFCSHAPEREPRESENTATION(#10,'Body','Clipping',(#128));
#42=IFCSHAPEREPRESENTATION(#10,'Body','Clipping',(#126));
#41=IFCSHAPEREPRESENTATION(#10,'Body','Clipping',(#124));
#40=IFCSHAPEREPRESENTATION(#10,'Body','Clipping',(#122));
#39=IFCSHAPEREPRESENTATION(#10,'Body','Clipping',(#120));
#49=IFCSHAPEREPRESENTATION(#10,'Body','Clipping',(#140));
#48=IFCSHAPEREPRESENTATION(#10,'Body','Clipping',(#138));
#47=IFCSHAPEREPRESENTATION(#10,'Body','Clipping',(#136));
#46=IFCSHAPEREPRESENTATION(#10,'Body','Clipping',(#134));
#45=IFCSHAPEREPRESENTATION(#10,'Body','Clipping',(#132));
#44=IFCSHAPEREPRESENTATION(#10,'Body','SweptSolid',(#130));
#50=IFCSHAPEREPRESENTATION(#10,'Body','Clipping',(#142));
#51=IFCSHAPEREPRESENTATION(#10,'Body','SweptSolid',(#144));
#52=IFCSHAPEREPRESENTATION(#10,'Body','Clipping',(#146));
#53=IFCSHAPEREPRESENTATION(#10,'Body','Clipping',(#148));
#54=IFCSHAPEREPRESENTATION(#10,'Body','Clipping',(#150));
#55=IFCSHAPEREPRESENTATION(#10,'Body','Clipping',(#152));
#60=IFCSHAPEREPRESENTATION(#10,'Body','Clipping',(#162));
#59=IFCSHAPEREPRESENTATION(#10,'Body','Clipping',(#160));
#58=IFCSHAPEREPRESENTATION(#10,'Body','Clipping',(#158));
#57=IFCSHAPEREPRESENTATION(#10,'Body','Clipping',(#156));
#56=IFCSHAPEREPRESENTATION(#10,'Body','Clipping',(#154));
#64=IFCSHAPEREPRESENTATION(#10,'Body','Clipping',(#170));
#63=IFCSHAPEREPRESENTATION(#10,'Body','Clipping',(#168));
#62=IFCSHAPEREPRESENTATION(#10,'Body','Clipping',(#166));
#61=IFCSHAPEREPRESENTATION(#10,'Body','Clipping',(#164));
#69=IFCSHAPEREPRESENTATION(#10,'Body','Clipping',(#180));
#68=IFCSHAPEREPRESENTATION(#10,'Body','Clipping',(#178));
#67=IFCSHAPEREPRESENTATION(#10,'Body','Clipping',(#176));
#66=IFCSHAPEREPRESENTATION(#10,'Body','Clipping',(#174));
#65=IFCSHAPEREPRESENTATION(#10,'Body','Clipping',(#172));
#70=IFCSHAPEREPRESENTATION(#10,'Body','Clipping',(#182));
#77=IFCSHAPEREPRESENTATION(#10,'Body','Clipping',(#196));
#76=IFCSHAPEREPRESENTATION(#10,'Body','Clipping',(#194));
#75=IFCSHAPEREPRESENTATION(#10,'Body','Clipping',(#192));
#74=IFCSHAPEREPRESENTATION(#10,'Body','Clipping',(#190));
#73=IFCSHAPEREPRESENTATION(#10,'Body','Clipping',(#188));
#72=IFCSHAPEREPRESENTATION(#10,'Body','Clipping',(#186));
#71=IFCSHAPEREPRESENTATION(#10,'Body','Clipping',(#184));
#78=IFCSHAPEREPRESENTATION(#10,'Body','Clipping',(#198));
#79=IFCSHAPEREPRESENTATION(#10,'Body','Clipping',(#200));
#80=IFCSHAPEREPRESENTATION(#10,'Body','SweptSolid',(#202));
#84=IFCSHAPEREPRESENTATION(#10,'Body','Clipping',(#210));
#83=IFCSHAPEREPRESENTATION(#10,'Body','Clipping',(#208));
#82=IFCSHAPEREPRESENTATION(#10,'Body','SweptSolid',(#206));
#81=IFCSHAPEREPRESENTATION(#10,'Body','SweptSolid',(#204));
#89=IFCDIMENSIONALEXPONENTS(0,0,0,0,0,0,0);
#90=IFCMEASUREWITHUNIT(IFCPLANEANGLEMEASURE(0.0174532925199433),#220);
#88=IFCSHAPEREPRESENTATION(#10,'Body','Clipping',(#218));
#87=IFCSHAPEREPRESENTATION(#10,'Body','Clipping',(#216));
#86=IFCSHAPEREPRESENTATION(#10,'Body','Clipping',(#214));
#85=IFCSHAPEREPRESENTATION(#10,'Body','Clipping',(#212));
#104=IFCRELAGGREGATES('2b_h_mYcGArd6glJG2Fmbt',#2,$,$,#25,(#233));
#103=IFCLOCALPLACEMENT($,#231);
#102=IFCDERIVEDUNITELEMENT(#230,-1);
#101=IFCDERIVEDUNITELEMENT(#229,1);
#100=IFCDERIVEDUNITELEMENT(#228,-1);
#99=IFCDERIVEDUNITELEMENT(#227,-1);
#98=IFCDERIVEDUNITELEMENT(#226,1);
#97=IFCDERIVEDUNITELEMENT(#225,-1);
#96=IFCDERIVEDUNITELEMENT(#224,-1);
#95=IFCDERIVEDUNITELEMENT(#223,1);
#94=IFCMEASUREWITHUNIT(IFCTIMEMEASURE(31557600.),#222);
#93=IFCDIMENSIONALEXPONENTS(0,0,1,0,0,0,0);
#92=IFCMEASUREWITHUNIT(IFCPOSITIVELENGTHMEASURE(0.0003046174197867086),#221);
#91=IFCDIMENSIONALEXPONENTS(0,0,0,0,0,0,0);
#105=IFCBOOLEANCLIPPINGRESULT(.DIFFERENCE.,#234,#235);
#111=IFCPRODUCTDEFINITIONSHAPE($,$,(#34));
#110=IFCBOOLEANCLIPPINGRESULT(.DIFFERENCE.,#239,#240);
#109=IFCMATERIALDEFINITIONREPRESENTATION($,$,(#33),#238);
#108=IFCSTYLEDITEM($,(#237),$);
#107=IFCPRODUCTDEFINITIONSHAPE($,$,(#32));
#106=IFCPRESENTATIONLAYERASSIGNMENT('ROOF',$,(#32,#34,#35,#36,#37,#38,#39,#40,#41,#42,#43,#44,#45,#46,#47,#48,#49,#50,#51,#52,#53,#54,#55,#56,#57,#58,#59,#60,#61,#62,#63,#64,#65,#66,#67,#68,#69,#70,#71,#72,#73,#74,#75,#76,#77,#78,#79,#80,#81,#82,#83,#84,#85,#86,#87,#88),$);
#115=IFCPRODUCTDEFINITIONSHAPE($,$,(#36));
#114=IFCBOOLEANCLIPPINGRESULT(.DIFFERENCE.,#245,#246);
#113=IFCPRODUCTDEFINITIONSHAPE($,$,(#35));
#112=IFCBOOLEANCLIPPINGRESULT(.DIFFERENCE.,#242,#243);
#128=IFCBOOLEANCLIPPINGRESULT(.DIFFERENCE.,#267,#268);
#127=IFCPRODUCTDEFINITIONSHAPE($,$,(#42));
#129=IFCPRODUCTDEFINITIONSHAPE($,$,(#43));
#126=IFCBOOLEANCLIPPINGRESULT(.DIFFERENCE.,#264,#265);
#125=IFCPRODUCTDEFINITIONSHAPE($,$,(#41));
#124=IFCBOOLEANCLIPPINGRESULT(.DIFFERENCE.,#261,#262);
#123=IFCPRODUCTDEFINITIONSHAPE($,$,(#40));
#122=IFCBOOLEANCLIPPINGRESULT(.DIFFERENCE.,#258,#259);
#121=IFCPRODUCTDEFINITIONSHAPE($,$,(#39));
#120=IFCBOOLEANCLIPPINGRESULT(.DIFFERENCE.,#255,#256);
#119=IFCPRODUCTDEFINITIONSHAPE($,$,(#38));
#118=IFCBOOLEANCLIPPINGRESULT(.DIFFERENCE.,#252,#253);
#117=IFCPRODUCTDEFINITIONSHAPE($,$,(#37));
#116=IFCEXTRUDEDAREASOLID(#248,#249,#250,2209.799999992285);
#135=IFCPRODUCTDEFINITIONSHAPE($,$,(#46));
#136=IFCBOOLEANCLIPPINGRESULT(.DIFFERENCE.,#280,#281);
#134=IFCBOOLEANCLIPPINGRESULT(.DIFFERENCE.,#277,#278);
#133=IFCPRODUCTDEFINITIONSHAPE($,$,(#45));
#132=IFCBOOLEANCLIPPINGRESULT(.DIFFERENCE.,#274,#275);
#131=IFCPRODUCTDEFINITIONSHAPE($,$,(#44));
#130=IFCEXTRUDEDAREASOLID(#270,#271,#272,3390.900000137094);
#145=IFCPRODUCTDEFINITIONSHAPE($,$,(#51));
#144=IFCEXTRUDEDAREASOLID(#292,#293,#294,952.4999998381389);
#143=IFCPRODUCTDEFINITIONSHAPE($,$,(#50));
#142=IFCBOOLEANCLIPPINGRESULT(.DIFFERENCE.,#289,#290);
#141=IFCPRODUCTDEFINITIONSHAPE($,$,(#49));
#140=IFCBOOLEANCLIPPINGRESULT(.DIFFERENCE.,#286,#287);
#139=IFCPRODUCTDEFINITIONSHAPE($,$,(#48));
#138=IFCBOOLEANCLIPPINGRESULT(.DIFFERENCE.,#283,#284);
#137=IFCPRODUCTDEFINITIONSHAPE($,$,(#47));
#146=IFCBOOLEANCLIPPINGRESULT(.DIFFERENCE.,#296,#297);
#147=IFCPRODUCTDEFINITIONSHAPE($,$,(#52));
#148=IFCBOOLEANCLIPPINGRESULT(.DIFFERENCE.,#299,#300);
#149=IFCPRODUCTDEFINITIONSHAPE($,$,(#53));
#150=IFCBOOLEANCLIPPINGRESULT(.DIFFERENCE.,#302,#303);
#157=IFCPRODUCTDEFINITIONSHAPE($,$,(#57));
#156=IFCBOOLEANCLIPPINGRESULT(.DIFFERENCE.,#311,#312);
#155=IFCPRODUCTDEFINITIONSHAPE($,$,(#56));
#154=IFCBOOLEANCLIPPINGRESULT(.DIFFERENCE.,#308,#309);
#153=IFCPRODUCTDEFINITIONSHAPE($,$,(#55));
#152=IFCBOOLEANCLIPPINGRESULT(.DIFFERENCE.,#305,#306);
#151=IFCPRODUCTDEFINITIONSHAPE($,$,(#54));
#172=IFCBOOLEANCLIPPINGRESULT(.DIFFERENCE.,#335,#336);
#171=IFCPRODUCTDEFINITIONSHAPE($,$,(#64));
#170=IFCBOOLEANCLIPPINGRESULT(.DIFFERENCE.,#332,#333);
#169=IFCPRODUCTDEFINITIONSHAPE($,$,(#63));
#168=IFCBOOLEANCLIPPINGRESULT(.DIFFERENCE.,#329,#330);
#167=IFCPRODUCTDEFINITIONSHAPE($,$,(#62));
#166=IFCBOOLEANCLIPPINGRESULT(.DIFFERENCE.,#326,#327);
#165=IFCPRODUCTDEFINITIONSHAPE($,$,(#61));
#164=IFCBOOLEANCLIPPINGRESULT(.DIFFERENCE.,#323,#324);
#163=IFCPRODUCTDEFINITIONSHAPE($,$,(#60));
#162=IFCBOOLEANCLIPPINGRESULT(.DIFFERENCE.,#320,#321);
#161=IFCPRODUCTDEFINITIONSHAPE($,$,(#59));
#160=IFCBOOLEANCLIPPINGRESULT(.DIFFERENCE.,#317,#318);
#159=IFCPRODUCTDEFINITIONSHAPE($,$,(#58));
#158=IFCBOOLEANCLIPPINGRESULT(.DIFFERENCE.,#314,#315);
#173=IFCPRODUCTDEFINITIONSHAPE($,$,(#65));
#179=IFCPRODUCTDEFINITIONSHAPE($,$,(#68));
#178=IFCBOOLEANCLIPPINGRESULT(.DIFFERENCE.,#344,#345);
#177=IFCPRODUCTDEFINITIONSHAPE($,$,(#67));
#176=IFCBOOLEANCLIPPINGRESULT(.DIFFERENCE.,#341,#342);
#175=IFCPRODUCTDEFINITIONSHAPE($,$,(#66));
#174=IFCBOOLEANCLIPPINGRESULT(.DIFFERENCE.,#338,#339);
#183=IFCPRODUCTDEFINITIONSHAPE($,$,(#70));
#182=IFCBOOLEANCLIPPINGRESULT(.DIFFERENCE.,#350,#351);
#181=IFCPRODUCTDEFINITIONSHAPE($,$,(#69));
#180=IFCBOOLEANCLIPPINGRESULT(.DIFFERENCE.,#347,#348);
#188=IFCBOOLEANCLIPPINGRESULT(.DIFFERENCE.,#359,#360);
#187=IFCPRODUCTDEFINITIONSHAPE($,$,(#72));
#186=IFCBOOLEANCLIPPINGRESULT(.DIFFERENCE.,#356,#357);
#185=IFCPRODUCTDEFINITIONSHAPE($,$,(#71));
#184=IFCBOOLEANCLIPPINGRESULT(.DIFFERENCE.,#353,#354);
#203=IFCPRODUCTDEFINITIONSHAPE($,$,(#80));
#202=IFCEXTRUDEDAREASOLID(#380,#381,#382,3390.900000137094);
#201=IFCPRODUCTDEFINITIONSHAPE($,$,(#79));
#200=IFCBOOLEANCLIPPINGRESULT(.DIFFERENCE.,#377,#378);
#199=IFCPRODUCTDEFINITIONSHAPE($,$,(#78));
#198=IFCBOOLEANCLIPPINGRESULT(.DIFFERENCE.,#374,#375);
#197=IFCPRODUCTDEFINITIONSHAPE($,$,(#77));
#196=IFCBOOLEANCLIPPINGRESULT(.DIFFERENCE.,#371,#372);
#195=IFCPRODUCTDEFINITIONSHAPE($,$,(#76));
#194=IFCBOOLEANCLIPPINGRESULT(.DIFFERENCE.,#368,#369);
#193=IFCPRODUCTDEFINITIONSHAPE($,$,(#75));
#192=IFCBOOLEANCLIPPINGRESULT(.DIFFERENCE.,#365,#366);
#191=IFCPRODUCTDEFINITIONSHAPE($,$,(#74));
#190=IFCBOOLEANCLIPPINGRESULT(.DIFFERENCE.,#362,#363);
#189=IFCPRODUCTDEFINITIONSHAPE($,$,(#73));
#218=IFCBOOLEANCLIPPINGRESULT(.DIFFERENCE.,#407,#408);
#217=IFCPRODUCTDEFINITIONSHAPE($,$,(#87));
#216=IFCBOOLEANCLIPPINGRESULT(.DIFFERENCE.,#404,#405);
#215=IFCPRODUCTDEFINITIONSHAPE($,$,(#86));
#214=IFCBOOLEANCLIPPINGRESULT(.DIFFERENCE.,#401,#402);
#213=IFCPRODUCTDEFINITIONSHAPE($,$,(#85));
#212=IFCBOOLEANCLIPPINGRESULT(.DIFFERENCE.,#398,#399);
#211=IFCPRODUCTDEFINITIONSHAPE($,$,(#84));
#210=IFCBOOLEANCLIPPINGRESULT(.DIFFERENCE.,#395,#396);
#209=IFCPRODUCTDEFINITIONSHAPE($,$,(#83));
#208=IFCBOOLEANCLIPPINGRESULT(.DIFFERENCE.,#392,#393);
#207=IFCPRODUCTDEFINITIONSHAPE($,$,(#82));
#206=IFCEXTRUDEDAREASOLID(#388,#389,#390,952.4999998381389);
#205=IFCPRODUCTDEFINITIONSHAPE($,$,(#81));
#204=IFCEXTRUDEDAREASOLID(#384,#385,#386,2209.799999992285);
#232=IFCLOCALPLACEMENT(#103,#413);
#231=IFCAXIS2PLACEMENT3D(#410,#411,#412);
#230=IFCSIUNIT(*,.VOLUMEUNIT.,$,.CUBIC_METRE.);
#229=IFCSIUNIT(*,.MASSUNIT.,.KILO.,.GRAM.);
#228=IFCSIUNIT(*,.THERMODYNAMICTEMPERATUREUNIT.,$,.KELVIN.);
#227=IFCSIUNIT(*,.MASSUNIT.,.KILO.,.GRAM.);
#226=IFCSIUNIT(*,.ENERGYUNIT.,$,.JOULE.);
#225=IFCSIUNIT(*,.THERMODYNAMICTEMPERATUREUNIT.,$,.KELVIN.);
#224=IFCSIUNIT(*,.LENGTHUNIT.,$,.METRE.);
#223=IFCSIUNIT(*,.POWERUNIT.,$,.WATT.);
#222=IFCSIUNIT(*,.TIMEUNIT.,$,.SECOND.);
#221=IFCSIUNIT(*,.SOLIDANGLEUNIT.,$,.STERADIAN.);
#220=IFCSIUNIT(*,.PLANEANGLEUNIT.,$,.RADIAN.);
#219=IFCPRODUCTDEFINITIONSHAPE($,$,(#88));
#233=IFCBUILDING('00tMo7QcxqWdIGvc4sMN2A',#2,'Building',$,$,#232,$,$,.ELEMENT.,$,$,$);
#234=IFCBOOLEANCLIPPINGRESULT(.DIFFERENCE.,#416,#417);
#235=IFCHALFSPACESOLID(#418,.T.);
#239=IFCBOOLEANCLIPPINGRESULT(.DIFFERENCE.,#427,#428);
#240=IFCHALFSPACESOLID(#429,.T.);
#238=IFCMATERIAL('GENERIC - STRUCTURAL',$,$);
#237=IFCSURFACESTYLE('Paint - Light Gray',.BOTH.,(#426));
#236=IFCBEAM('0xzxTVKkf1fRWLoWy4AVA6',#2,'BMR - 007',$,$,#419,#107,'3BF7B75F-52EA-41A5-B815-CA0F0429F286',.BEAM.);
#246=IFCHALFSPACESOLID(#441,.T.);
#245=IFCBOOLEANCLIPPINGRESULT(.DIFFERENCE.,#439,#440);
#244=IFCBEAM('25zjzNHHv4BOuJbXgs5$C2',#2,'BMR - 007',$,$,#436,#113,'85F6DF57-451E-442D-8E13-961AB617F302',.BEAM.);
#243=IFCHALFSPACESOLID(#435,.T.);
#242=IFCBOOLEANCLIPPINGRESULT(.DIFFERENCE.,#433,#434);
#241=IFCBEAM('08VCZkpDH9$fzrYnrG5ZhK',#2,'BMR - 023',$,$,#430,#111,'087CC8EE-CCD4-49FE-9F75-8B1D50163AD4',.BEAM.);
#248=IFCRECTANGLEPROFILEDEF(.AREA.,'',#445,139.7,38.09999999999999);
#247=IFCBEAM('28$Ol1N5rAIOLh1ELxQj7I',#2,'BMR - 007',$,$,#442,#115,'88FD8BC1-5C5D-4A49-856B-04E57B6AD1D2',.BEAM.);
#251=IFCBEAM('3Um2oP0Gf5IB15cjCtQz3q',#2,'BMR - 023',$,$,#449,#117,'DEC02C99-010A-4548-B045-9AD3376BD0F4',.BEAM.);
#250=IFCDIRECTION((0.,0.,1.));
#249=IFCAXIS2PLACEMENT3D(#446,#447,#448);
#257=IFCBEAM('2F7MWjhkD41g_gNaCbmnKx',#2,'BMR - 023',$,$,#461,#121,'8F1D682D-AEE3-4406-AFAA-5E4325C3153B',.BEAM.);
#256=IFCHALFSPACESOLID(#460,.T.);
#255=IFCBOOLEANCLIPPINGRESULT(.DIFFERENCE.,#458,#459);
#254=IFCBEAM('2pyu9pcf17ze7dw6TtD9eL',#2,'BMR - 023',$,$,#455,#119,'B3F38273-9A90-47F6-81E7-E86777349A15',.BEAM.);
#253=IFCHALFSPACESOLID(#454,.T.);
#252=IFCBOOLEANCLIPPINGRESULT(.DIFFERENCE.,#452,#453);
#262=IFCHALFSPACESOLID(#472,.T.);
#261=IFCBOOLEANCLIPPINGRESULT(.DIFFERENCE.,#470,#471);
#260=IFCBEAM('3wMZXI8ZD5ZOAvLeQUx8sf',#2,'BMR - 007',$,$,#467,#123,'FA5A3852-2233-458D-82B9-56869EEC8DA9',.BEAM.);
#259=IFCHALFSPACESOLID(#466,.T.);
#258=IFCBOOLEANCLIPPINGRESULT(.DIFFERENCE.,#464,#465);
#274=IFCBOOLEANCLIPPINGRESULT(.DIFFERENCE.,#495,#496);
#273=IFCBEAM('2LyeaBcF5Blx4utGR4kaxe',#2,'BMR - 023',$,$,#492,#131,'95F2890B-98F1-4BBF-B138-DD06C4BA4EE8',.BEAM.);
#275=IFCHALFSPACESOLID(#497,.T.);
#272=IFCDIRECTION((0.,0.,1.));
#271=IFCAXIS2PLACEMENT3D(#489,#490,#491);
#270=IFCRECTANGLEPROFILEDEF(.AREA.,'',#488,139.7,38.09999999999999);
#269=IFCBEAM('3sCXtxnfHFqwEzT3z5Nz1P',#2,'BMR - 023',$,$,#485,#129,'F6321DFB-C694-4FD3-A3BD-743F455FD059',.BEAM.);
#268=IFCHALFSPACESOLID(#484,.T.);
#267=IFCBOOLEANCLIPPINGRESULT(.DIFFERENCE.,#482,#483);
#266=IFCBEAM('1KaFKuuMj9UxEBdSNPZsFh',#2,'BMR - 007',$,$,#479,#127,'5490F538-E16B-497B-B38B-9DC5D98F63EB',.BEAM.);
#265=IFCHALFSPACESOLID(#478,.T.);
#264=IFCBOOLEANCLIPPINGRESULT(.DIFFERENCE.,#476,#477);
#263=IFCBEAM('3lLgR0G7P16g329gGVWTr1',#2,'BMR - 023',$,$,#473,#125,'EF56A6C0-4076-411A-A0C2-26A41F81DD41',.BEAM.);
#278=IFCHALFSPACESOLID(#503,.T.);
#277=IFCBOOLEANCLIPPINGRESULT(.DIFFERENCE.,#501,#502);
#276=IFCBEAM('15OF052yH4gRjWLW0CNhIE',#2,'BMR - 007',$,$,#498,#133,'4560F005-0BC4-44A9-BB60-56000C5EB48E',.BEAM.);
#280=IFCBOOLEANCLIPPINGRESULT(.DIFFERENCE.,#507,#508);
#281=IFCHALFSPACESOLID(#509,.T.);
#279=IFCBEAM('3TYmWBi8D548_B1E3Q9nEw',#2,'BMR - 023',$,$,#504,#135,'DD8B080B-B083-4510-8F8B-04E0DA2713BA',.BEAM.);
#282=IFCBEAM('0N63iOAVr1c9MrTKwl1JCZ',#2,'BMR - 023',$,$,#510,#137,'17183B18-29FD-4198-95B5-754EAF053323',.BEAM.);
#284=IFCHALFSPACESOLID(#515,.T.);
#283=IFCBOOLEANCLIPPINGRESULT(.DIFFERENCE.,#513,#514);
#285=IFCBEAM('2zB4E2fwn0ZvJunKiDswGB',#2,'BMR - 023',$,$,#516,#139,'BD2C4382-A7AC-408F-94F8-C54B0DDBA40B',.BEAM.);
#286=IFCBOOLEANCLIPPINGRESULT(.DIFFERENCE.,#519,#520);
#287=IFCHALFSPACESOLID(#521,.T.);
#290=IFCHALFSPACESOLID(#527,.T.);
#289=IFCBOOLEANCLIPPINGRESULT(.DIFFERENCE.,#525,#526);
#288=IFCBEAM('2tqcvLdDv2chJcZpJ5NAuM',#2,'BMR - 023',$,$,#522,#141,'B7D26E55-9CDE-429A-B4E6-8F34C55CAE16',.BEAM.);
#293=IFCAXIS2PLACEMENT3D(#532,#533,#534);
#292=IFCRECTANGLEPROFILEDEF(.AREA.,'',#531,139.7,38.09999999999999);
#294=IFCDIRECTION((0.,0.,1.));
#291=IFCBEAM('3FhvRVBYD4ePgC3wwWuT48',#2,'BMR - 023',$,$,#528,#143,'CFAF96DF-2E23-44A1-9A8C-0FAEA0E1D108',.BEAM.);
#303=IFCHALFSPACESOLID(#552,.T.);
#302=IFCBOOLEANCLIPPINGRESULT(.DIFFERENCE.,#550,#551);
#311=IFCBOOLEANCLIPPINGRESULT(.DIFFERENCE.,#568,#569);
#310=IFCBEAM('1qGwY2T4T7OANfpVsU9vA7',#2,'BMR - 023',$,$,#565,#155,'7443A882-7447-4760-A5E9-CDFD9E279287',.BEAM.);
#309=IFCHALFSPACESOLID(#564,.T.);
#308=IFCBOOLEANCLIPPINGRESULT(.DIFFERENCE.,#562,#563);
#307=IFCBEAM('0Mseg_nqv57Bo7_KO4mAdf',#2,'BMR - 023',$,$,#559,#153,'16DA8ABE-C74E-451C-BC87-F94604C0A9E9',.BEAM.);
#306=IFCHALFSPACESOLID(#558,.T.);
#305=IFCBOOLEANCLIPPINGRESULT(.DIFFERENCE.,#556,#557);
#304=IFCBEAM('3aDnT7up57GOvDY3BxdCdt',#2,'BMR - 007',$,$,#553,#151,'E4371747-E331-4741-8E4D-8832FB9CC9F7',.BEAM.);
#301=IFCBEAM('1ngR20MTrEAf3uaQU3yd_F',#2,'BMR - 007',$,$,#547,#149,'71A9B080-59DD-4E2A-90F8-91A783F27F8F',.BEAM.);
#300=IFCHALFSPACESOLID(#546,.T.);
#299=IFCBOOLEANCLIPPINGRESULT(.DIFFERENCE.,#544,#545);
#298=IFCBEAM('2yhR2fiCD5uPamP5jeI3YE',#2,'BMR - 007',$,$,#541,#147,'BCADB0A9-B0C3-45E1-9930-645B6848388E',.BEAM.);
#297=IFCHALFSPACESOLID(#540,.T.);
#296=IFCBOOLEANCLIPPINGRESULT(.DIFFERENCE.,#538,#539);
#295=IFCBEAM('2iR42nAVv5JPcV8ObTHBTr',#2,'BMR - 023',$,$,#535,#145,'AC6C40B1-29FE-454D-999F-21895D44B775',.BEAM.);
#312=IFCHALFSPACESOLID(#570,.T.);
#315=IFCHALFSPACESOLID(#576,.T.);
#314=IFCBOOLEANCLIPPINGRESULT(.DIFFERENCE.,#574,#575);
#313=IFCBEAM('23fQZbyvvB8OQd3S0kfmOF',#2,'BMR - 023',$,$,#571,#157,'83A5A8E5-F39E-4B21-86A7-0DC02EA7060F',.BEAM.);
#318=IFCHALFSPACESOLID(#582,.T.);
#317=IFCBOOLEANCLIPPINGRESULT(.DIFFERENCE.,#580,#581);
#316=IFCBEAM('1_1tJaon13quRi8uS2SrWy',#2,'BMR - 007',$,$,#577,#159,'7E0774E4-CB10-43D3-86EC-23870273583C',.BEAM.);
#319=IFCBEAM('2pk2$qYdz7WgeztYrhjchF',#2,'BMR - 007',$,$,#583,#161,'B3B82FF4-8A7F-4782-AA3D-DE2D6BB66ACF',.BEAM.);
#322=IFCBEAM('2PG5ng9e1D7f484of$Q_Gt',#2,'BMR - 023',$,$,#589,#163,'99405C6A-2680-4D1E-9108-132A7F6BE437',.BEAM.);
#321=IFCHALFSPACESOLID(#588,.T.);
#320=IFCBOOLEANCLIPPINGRESULT(.DIFFERENCE.,#586,#587);
#327=IFCHALFSPACESOLID(#600,.T.);
#326=IFCBOOLEANCLIPPINGRESULT(.DIFFERENCE.,#598,#599);
#325=IFCBEAM('3Oza_Qg3f4vQiw7jg1Fc0K',#2,'BMR - 007',$,$,#595,#165,'D8F64F9A-A83A-44E5-AB3A-1EDA813E6014',.BEAM.);
#324=IFCHALFSPACESOLID(#594,.T.);
#323=IFCBOOLEANCLIPPINGRESULT(.DIFFERENCE.,#592,#593);
#328=IFCBEAM('2f4psHfAzD$B_Z7sGGqVEN',#2,'BMR - 007',$,$,#601,#167,'A9133D91-A4AF-4DFC-BFA3-1F6410D1F397',.BEAM.);
#329=IFCBOOLEANCLIPPINGRESULT(.DIFFERENCE.,#604,#605);
#330=IFCHALFSPACESOLID(#606,.T.);
#331=IFCBEAM('3iyR8JVpjAyAfMHIbZlE4F',#2,'BMR - 007',$,$,#607,#169,'ECF1B213-7F3B-4AF0-AA56-452963BCE10F',.BEAM.);
#332=IFCBOOLEANCLIPPINGRESULT(.DIFFERENCE.,#610,#611);
#333=IFCHALFSPACESOLID(#612,.T.);
#340=IFCBEAM('0GXuIFeVH1HQv$3mOumrW7',#2,'BMR - 023',$,$,#625,#175,'1087848F-A1F4-4145-AE7F-0F0638C35807',.BEAM.);
#339=IFCHALFSPACESOLID(#624,.T.);
#338=IFCBOOLEANCLIPPINGRESULT(.DIFFERENCE.,#622,#623);
#337=IFCBEAM('3IbApjIJv4lvqCDcCg6Rxo',#2,'BMR - 023',$,$,#619,#173,'D294ACED-493E-44BF-9D0C-36632A19BEF2',.BEAM.);
#336=IFCHALFSPACESOLID(#618,.T.);
#335=IFCBOOLEANCLIPPINGRESULT(.DIFFERENCE.,#616,#617);
#334=IFCBEAM('02e0mwz$b33gXuKnWKQIIv',#2,'BMR - 023',$,$,#613,#171,'02A00C3A-F7F9-430E-A878-5318146924B9',.BEAM.);
#342=IFCHALFSPACESOLID(#630,.T.);
#341=IFCBOOLEANCLIPPINGRESULT(.DIFFERENCE.,#628,#629);
#345=IFCHALFSPACESOLID(#636,.T.);
#344=IFCBOOLEANCLIPPINGRESULT(.DIFFERENCE.,#634,#635);
#343=IFCBEAM('2FrzJCPcL0dQD9BFn_SMsA',#2,'BMR - 023',$,$,#631,#177,'8FD7D4CC-6665-409D-A349-2CFC7E716D8A',.BEAM.);
#346=IFCBEAM('33LW5P3m50dPlOWKJ5OSA3',#2,'BMR - 023',$,$,#637,#179,'C3560159-0F01-409D-9BD8-8144C561C283',.BEAM.);
#347=IFCBOOLEANCLIPPINGRESULT(.DIFFERENCE.,#640,#641);
#348=IFCHALFSPACESOLID(#642,.T.);
#349=IFCBEAM('3sbBvBP8n5dhnIAq5RBbla',#2,'BMR - 023',$,$,#643,#181,'F694BE4B-648C-459E-BC52-2B415B2E5BE4',.BEAM.);
#350=IFCBOOLEANCLIPPINGRESULT(.DIFFERENCE.,#646,#647);
#351=IFCHALFSPACESOLID(#648,.T.);
#352=IFCBEAM('0tZIfGl6TFg8lHO05YBICK',#2,'BMR - 023',$,$,#649,#183,'378D2A50-BC67-4FA8-8BD1-6001622D2314',.BEAM.);
#353=IFCBOOLEANCLIPPINGRESULT(.DIFFERENCE.,#652,#653);
#354=IFCHALFSPACESOLID(#654,.T.);
#357=IFCHALFSPACESOLID(#660,.T.);
#356=IFCBOOLEANCLIPPINGRESULT(.DIFFERENCE.,#658,#659);
#355=IFCBEAM('3eekK9bsD87wz5NAF$3mvB',#2,'BMR - 023',$,$,#655,#185,'E8A2E509-9763-481F-AF45-5CA3FF0F0E4B',.BEAM.);
#358=IFCBEAM('0StAn_cc19vxI_m8X9CvoD',#2,'BMR - 023',$,$,#661,#187,'1CDCAC7E-9A60-49E7-B4BE-C08849339C8D',.BEAM.);
#359=IFCBOOLEANCLIPPINGRESULT(.DIFFERENCE.,#664,#665);
#360=IFCHALFSPACESOLID(#666,.T.);
#361=IFCBEAM('3F9JvtiqT70By1BBzcSDJq',#2,'BMR - 023',$,$,#667,#189,'CF253E77-B347-4700-BF01-2CBF6670D4F4',.BEAM.);
#362=IFCBOOLEANCLIPPINGRESULT(.DIFFERENCE.,#670,#671);
#363=IFCHALFSPACESOLID(#672,.T.);
#364=IFCBEAM('0fFBT3obP8SelNk$xbdN_c',#2,'BMR - 007',$,$,#673,#191,'293CB743-CA56-4872-8BD7-BBFEE59D7FA6',.BEAM.);
#365=IFCBOOLEANCLIPPINGRESULT(.DIFFERENCE.,#676,#677);
#366=IFCHALFSPACESOLID(#678,.T.);
#367=IFCBEAM('3xG58jB_fFyvxCHLytmYm3',#2,'BMR - 007',$,$,#679,#193,'FB40522D-2FEA-4FF3-9ECC-455F37C22C03',.BEAM.);
#368=IFCBOOLEANCLIPPINGRESULT(.DIFFERENCE.,#682,#683);
#369=IFCHALFSPACESOLID(#684,.T.);
#370=IFCBEAM('3i0n0YI6v9egNXnisUo_G9',#2,'BMR - 007',$,$,#685,#195,'EC031022-486E-49A2-A5E1-C6CD9ECBE409',.BEAM.);
#371=IFCBOOLEANCLIPPINGRESULT(.DIFFERENCE.,#688,#689);
#372=IFCHALFSPACESOLID(#690,.T.);
#373=IFCBEAM('3_LwwRBIn0LRkDj5a2O4Gx',#2,'BMR - 007',$,$,#691,#197,'FE57AE9B-2D2C-4055-BB8D-B4590260443B',.BEAM.);
#374=IFCBOOLEANCLIPPINGRESULT(.DIFFERENCE.,#694,#695);
#375=IFCHALFSPACESOLID(#696,.T.);
#379=IFCBEAM('15OJFE1PT5xhEDEN5KfRoC',#2,'BMR - 007',$,$,#703,#201,'456133CE-0597-45EE-B38D-397154A5BC8C',.BEAM.);
#378=IFCHALFSPACESOLID(#702,.T.);
#377=IFCBOOLEANCLIPPINGRESULT(.DIFFERENCE.,#700,#701);
#376=IFCBEAM('1pXU44R_15EBuB$fpqGUd2',#2,'BMR - 007',$,$,#697,#199,'7385E104-6FE0-4538-BE0B-FE9CF441E9C2',.BEAM.);
#380=IFCRECTANGLEPROFILEDEF(.AREA.,'',#706,139.7,38.09999999999999);
#381=IFCAXIS2PLACEMENT3D(#707,#708,#709);
#382=IFCDIRECTION((0.,0.,1.));
#383=IFCBEAM('2WkoB8ohn808vZ_JLfG_TN',#2,'BMR - 023',$,$,#710,#203,'A0BB22C8-CABC-4800-8E63-F9356943E757',.BEAM.);
#384=IFCRECTANGLEPROFILEDEF(.AREA.,'',#713,139.7,38.09999999999999);
#385=IFCAXIS2PLACEMENT3D(#714,#715,#716);
#386=IFCDIRECTION((0.,0.,1.));
#387=IFCBEAM('2Uz0tcONj6Kv6PPNfi5vEA',#2,'BMR - 023',$,$,#717,#205,'9EF40DE6-617B-4653-9199-657A6C17938A',.BEAM.);
#388=IFCRECTANGLEPROFILEDEF(.AREA.,'',#720,139.7,38.09999999999999);
#389=IFCAXIS2PLACEMENT3D(#721,#722,#723);
#390=IFCDIRECTION((0.,0.,1.));
#391=IFCBEAM('3akkza54DC1Rb2gJNDbCCv',#2,'BMR - 023',$,$,#724,#207,'E4BAEF64-1443-4C05-B942-A935CD94C339',.BEAM.);
#396=IFCHALFSPACESOLID(#735,.T.);
#395=IFCBOOLEANCLIPPINGRESULT(.DIFFERENCE.,#733,#734);
#394=IFCBEAM('1wc3BZ_wH4281t8yyUKAfF',#2,'BMR - 007',$,$,#730,#209,'7A9832E3-FBA4-4408-8077-23CF1E50AA4F',.BEAM.);
#393=IFCHALFSPACESOLID(#729,.T.);
#392=IFCBOOLEANCLIPPINGRESULT(.DIFFERENCE.,#727,#728);
#397=IFCBEAM('1WomQv48TBBvaiUddgYwtd',#2,'BMR - 007',$,$,#736,#211,'60CB06B9-1087-4B2F-992C-7A79EA8BADE7',.BEAM.);
#398=IFCBOOLEANCLIPPINGRESULT(.DIFFERENCE.,#739,#740);
#399=IFCHALFSPACESOLID(#741,.T.);
#400=IFCBEAM('3zKEHZ7IL2fRDRMWcWZMeF',#2,'BMR - 007',$,$,#742,#213,'FD50E463-1D25-42A5-B35B-5A09A08D6A0F',.BEAM.);
#401=IFCBOOLEANCLIPPINGRESULT(.DIFFERENCE.,#745,#746);
#402=IFCHALFSPACESOLID(#747,.T.);
#403=IFCBEAM('3XxO3bxMj1x8YJ5Dlq9Ken',#2,'BMR - 023',$,$,#748,#215,'E1ED80E5-ED6B-41EC-8893-14DBF4254A31',.BEAM.);
#404=IFCBOOLEANCLIPPINGRESULT(.DIFFERENCE.,#751,#752);
#405=IFCHALFSPACESOLID(#753,.T.);
#406=IFCBEAM('1knG2MNxj5tABuyopA22$_',#2,'BMR - 023',$,$,#754,#217,'6EC50096-5FBB-45DC-A2F8-F32CCA082FFE',.BEAM.);
#407=IFCBOOLEANCLIPPINGRESULT(.DIFFERENCE.,#757,#758);
#408=IFCHALFSPACESOLID(#759,.T.);
#409=IFCBEAM('11S4vlZlv9zReR8vXhH1wL',#2,'BMR - 007',$,$,#760,#219,'41704E6F-8EFE-49F5-BA1B-23986B441E95',.BEAM.);
#410=IFCCARTESIANPOINT((0.,0.,0.));
#411=IFCDIRECTION((0.,0.,1.));
#413=IFCAXIS2PLACEMENT3D(#763,#764,#765);
#412=IFCDIRECTION((1.,0.,0.));
#414=IFCLOCALPLACEMENT(#232,#766);
#415=IFCRELAGGREGATES('118jwqMnuwK1xuf97w7fU5',#2,$,$,#233,(#767));
#416=IFCEXTRUDEDAREASOLID(#768,#769,#770,3279.86021387352);
#417=IFCHALFSPACESOLID(#771,.T.);
#418=IFCPLANE(#772);
#419=IFCLOCALPLACEMENT(#414,#773);
#420=IFCRELASSOCIATESMATERIAL('2Rtl7mmZLG_cI1fA7M7zNG',#2,$,$,(#236,#241,#244,#247,#251,#254,#257,#260,#263,#266,#269,#273,#276,#279,#282,#285,#288,#291,#295,#298,#301,#304,#307,#310,#313,#316,#319,#322,#325,#328,#331,#334,#337,#340,#343,#346,#349,#352,#355,#358,#361,#364,#367,#370,#373,#376,#379,#383,#387,#391,#394,#397,#400,#403,#406,#409),#238);
#421=IFCRELASSOCIATESCLASSIFICATION('2BKgqIPyBqrvOTZE1AZl9Y',#2,'Archicad Classification v 2.0',$,(#236,#241,#244,#247,#251,#254,#257,#260,#263,#266,#269,#273,#276,#279,#282,#285,#288,#291,#295,#298,#301,#304,#307,#310,#313,#316,#319,#322,#325,#328,#331,#334,#337,#340,#343,#346,#349,#352,#355,#358,#361,#364,#367,#370,#373,#376,#379,#383,#387,#391,#394,#397,#400,#403,#406,#409),#774);
#422=IFCRELDEFINESBYTYPE('13$1Bp_lyHnEtTe0jR95QK',#2,$,$,(#236,#241,#244,#247,#251,#254,#257,#260,#263,#266,#269,#273,#276,#279,#282,#285,#288,#291,#295,#298,#301,#304,#307,#310,#313,#316,#319,#322,#325,#328,#331,#334,#337,#340,#343,#346,#349,#352,#355,#358,#361,#364,#367,#370,#373,#376,#379,#383,#387,#391,#394,#397,#400,#403,#406,#409),#775);
#423=IFCRELDEFINESBYPROPERTIES('1RZ2fVyknzyGF8VLpcyoDl',#2,$,$,(#236),#776);
#424=IFCRELDEFINESBYPROPERTIES('1WQ1S_6eLX65GD6YxpYv42',#2,$,$,(#236),#777);
#425=IFCRELCONTAINEDINSPATIALSTRUCTURE('37IerQdlTmA1oEohJ3sut3',#2,$,$,(#236,#241,#244,#247,#251,#254,#257,#260,#263,#266,#269,#273,#276,#279,#282,#285,#288,#291,#295,#298,#301,#304,#307,#310,#313,#316,#319,#322,#325,#328,#331,#334,#337,#340,#343,#346,#349,#352,#355,#358,#361,#364,#367,#370,#373,#376,#379,#383,#387,#391,#394,#397,#400,#403,#406,#409),#767);
#426=IFCSURFACESTYLERENDERING(#778,0.,IFCNORMALISEDRATIOMEASURE(0.41),$,$,$,IFCNORMALISEDRATIOMEASURE(0.1),$,.NOTDEFINED.);
#430=IFCLOCALPLACEMENT(#414,#784);
#429=IFCPLANE(#783);
#428=IFCHALFSPACESOLID(#782,.T.);
#427=IFCEXTRUDEDAREASOLID(#779,#780,#781,1163.455657007772);
#431=IFCRELDEFINESBYPROPERTIES('1RlIs8QRpCX$$naFXo1b$b',#2,$,$,(#241),#785);
#432=IFCRELDEFINESBYPROPERTIES('3FWGR8SMqBxKZeuwScIWMb',#2,$,$,(#241),#786);
#433=IFCEXTRUDEDAREASOLID(#787,#788,#789,1331.610451765771);
#434=IFCHALFSPACESOLID(#790,.T.);
#435=IFCPLANE(#791);
#436=IFCLOCALPLACEMENT(#414,#792);
#437=IFCRELDEFINESBYPROPERTIES('2Oe9oEj9rrrPup42W2DhsJ',#2,$,$,(#244),#793);
#438=IFCRELDEFINESBYPROPERTIES('0Nd41e0EurNje05WAeONEA',#2,$,$,(#244),#794);
#439=IFCEXTRUDEDAREASOLID(#795,#796,#797,2004.229630849888);
#440=IFCHALFSPACESOLID(#798,.T.);
#441=IFCPLANE(#799);
#442=IFCLOCALPLACEMENT(#414,#800);
#445=IFCAXIS2PLACEMENT2D(#803,#804);
#444=IFCRELDEFINESBYPROPERTIES('2Qis6OxlANXptxZ_AKmz1R',#2,$,$,(#247),#802);
#443=IFCRELDEFINESBYPROPERTIES('1ZmS8ux6x$yab61elqa3uR',#2,$,$,(#247),#801);
#454=IFCPLANE(#812);
#455=IFCLOCALPLACEMENT(#414,#813);
#453=IFCHALFSPACESOLID(#811,.T.);
#452=IFCEXTRUDEDAREASOLID(#808,#809,#810,3169.000344859828);
#451=IFCRELDEFINESBYPROPERTIES('10i8Xmf2gM6EMn6GW1NDR9',#2,$,$,(#251),#807);
#450=IFCRELDEFINESBYPROPERTIES('1OS3tsXzOYYtjle4apq9L_',#2,$,$,(#251),#806);
#449=IFCLOCALPLACEMENT(#414,#805);
#448=IFCDIRECTION((0.,0.,1.));
#447=IFCDIRECTION((0.,1.,0.));
#446=IFCCARTESIANPOINT((0.,0.,0.));
#459=IFCHALFSPACESOLID(#819,.T.);
#460=IFCPLANE(#820);
#458=IFCEXTRUDEDAREASOLID(#816,#817,#818,3169.000346046972);
#457=IFCRELDEFINESBYPROPERTIES('1loXb3nijdXlZpXM_cYphm',#2,$,$,(#254),#815);
#456=IFCRELDEFINESBYPROPERTIES('1nduYlwuMoDz7OG4YvWaOp',#2,$,$,(#254),#814);
#463=IFCRELDEFINESBYPROPERTIES('25Hez_PW49KsJ9BeJhzlgm',#2,$,$,(#257),#823);
#462=IFCRELDEFINESBYPROPERTIES('1iqJgpoKkWlwrqrf7SnTII',#2,$,$,(#257),#822);
#461=IFCLOCALPLACEMENT(#414,#821);
#468=IFCRELDEFINESBYPROPERTIES('2iLTwVmFc0q5qsJolwZ7iZ',#2,$,$,(#260),#830);
#467=IFCLOCALPLACEMENT(#414,#829);
#466=IFCPLANE(#828);
#465=IFCHALFSPACESOLID(#827,.T.);
#464=IFCEXTRUDEDAREASOLID(#824,#825,#826,2517.400515191475);
#483=IFCHALFSPACESOLID(#851,.T.);
#482=IFCEXTRUDEDAREASOLID(#848,#849,#850,3862.638873628339);
#481=IFCRELDEFINESBYPROPERTIES('3PMUkahS4q_A1siBNIglMP',#2,$,$,(#266),#847);
#480=IFCRELDEFINESBYPROPERTIES('1RBZDrEUR1xvDu_oFU6cqp',#2,$,$,(#266),#846);
#479=IFCLOCALPLACEMENT(#414,#845);
#478=IFCPLANE(#844);
#477=IFCHALFSPACESOLID(#843,.T.);
#476=IFCEXTRUDEDAREASOLID(#840,#841,#842,2517.400515191475);
#475=IFCRELDEFINESBYPROPERTIES('0oCJMuXpcimTFCLnE5nydQ',#2,$,$,(#263),#839);
#474=IFCRELDEFINESBYPROPERTIES('35vVKeVSev6f4em5CbbJtL',#2,$,$,(#263),#838);
#473=IFCLOCALPLACEMENT(#414,#837);
#472=IFCPLANE(#836);
#471=IFCHALFSPACESOLID(#835,.T.);
#470=IFCEXTRUDEDAREASOLID(#832,#833,#834,1163.455656853214);
#469=IFCRELDEFINESBYPROPERTIES('1C6Q_j2dHSPQqpKqV10dvt',#2,$,$,(#260),#831);
#485=IFCLOCALPLACEMENT(#414,#853);
#484=IFCPLANE(#852);
#486=IFCRELDEFINESBYPROPERTIES('3WK5j51sr9rNNVf$qx3al7',#2,$,$,(#269),#854);
#501=IFCEXTRUDEDAREASOLID(#869,#870,#871,1836.074836568183);
#500=IFCRELDEFINESBYPROPERTIES('18r_esD47pveDNONRd_wva',#2,$,$,(#276),#868);
#499=IFCRELDEFINESBYPROPERTIES('2bqm4688JNHM_xstMTvZ9O',#2,$,$,(#276),#867);
#498=IFCLOCALPLACEMENT(#414,#866);
#497=IFCPLANE(#865);
#496=IFCHALFSPACESOLID(#864,.T.);
#495=IFCEXTRUDEDAREASOLID(#861,#862,#863,2517.400515191475);
#494=IFCRELDEFINESBYPROPERTIES('0OZwWUsQC3YUtBLtV$nw6x',#2,$,$,(#273),#860);
#493=IFCRELDEFINESBYPROPERTIES('3J25cHOgC6rqA7Yk$VLkhx',#2,$,$,(#273),#859);
#492=IFCLOCALPLACEMENT(#414,#858);
#491=IFCDIRECTION((0.,0.,1.));
#490=IFCDIRECTION((0.,1.,0.));
#489=IFCCARTESIANPOINT((0.,0.,0.));
#488=IFCAXIS2PLACEMENT2D(#856,#857);
#487=IFCRELDEFINESBYPROPERTIES('0y5RU0XqDftC4Da_laTdAA',#2,$,$,(#269),#855);
#503=IFCPLANE(#873);
#502=IFCHALFSPACESOLID(#872,.T.);
#505=IFCRELDEFINESBYPROPERTIES('3Guas2_EdfvWAi6MrSMC1o',#2,$,$,(#279),#875);
#506=IFCRELDEFINESBYPROPERTIES('2rQSmBtp3P6Kl38_ddaKyt',#2,$,$,(#279),#876);
#504=IFCLOCALPLACEMENT(#414,#874);
#507=IFCEXTRUDEDAREASOLID(#877,#878,#879,3862.638874960084);
#508=IFCHALFSPACESOLID(#880,.T.);
#509=IFCPLANE(#881);
#510=IFCLOCALPLACEMENT(#414,#882);
#511=IFCRELDEFINESBYPROPERTIES('3jHgXo0EW1Yx0lQabQ83ka',#2,$,$,(#282),#883);
#512=IFCRELDEFINESBYPROPERTIES('1UtfDyOdH_EAkmmDFB9vU$',#2,$,$,(#282),#884);
#513=IFCEXTRUDEDAREASOLID(#885,#886,#887,2517.400514804541);
#514=IFCHALFSPACESOLID(#888,.T.);
#515=IFCPLANE(#889);
#516=IFCLOCALPLACEMENT(#414,#890);
#517=IFCRELDEFINESBYPROPERTIES('1157h9YZULyoA9HBmQdcEl',#2,$,$,(#285),#891);
#518=IFCRELDEFINESBYPROPERTIES('1MKosF3QFKaPUwLn1rd6nr',#2,$,$,(#285),#892);
#519=IFCEXTRUDEDAREASOLID(#893,#894,#895,4388.122607382437);
#520=IFCHALFSPACESOLID(#896,.T.);
#521=IFCPLANE(#897);
#528=IFCLOCALPLACEMENT(#414,#906);
#527=IFCPLANE(#905);
#526=IFCHALFSPACESOLID(#904,.T.);
#525=IFCEXTRUDEDAREASOLID(#901,#902,#903,2517.400515855882);
#524=IFCRELDEFINESBYPROPERTIES('2ELziHNO4UBq8btQmsINK3',#2,$,$,(#288),#900);
#523=IFCRELDEFINESBYPROPERTIES('3j_rpDFLT9jz0r52wLHuaK',#2,$,$,(#288),#899);
#522=IFCLOCALPLACEMENT(#414,#898);
#537=IFCRELDEFINESBYPROPERTIES('2$02L6dGz7PJn0E6lRVTy3',#2,$,$,(#295),#913);
#536=IFCRELDEFINESBYPROPERTIES('0gy$OZg6t3QmoXQ6rMkNAR',#2,$,$,(#295),#912);
#535=IFCLOCALPLACEMENT(#414,#911);
#534=IFCDIRECTION((0.,0.,1.));
#533=IFCDIRECTION((0.,1.,0.));
#532=IFCCARTESIANPOINT((0.,0.,0.));
#531=IFCAXIS2PLACEMENT2D(#909,#910);
#530=IFCRELDEFINESBYPROPERTIES('1IAHXPU2B910jtaTbDdiHY',#2,$,$,(#291),#908);
#529=IFCRELDEFINESBYPROPERTIES('1XuhlF1gLoYcuGWSam9IJx',#2,$,$,(#291),#907);
#541=IFCLOCALPLACEMENT(#414,#919);
#540=IFCPLANE(#918);
#539=IFCHALFSPACESOLID(#917,.T.);
#538=IFCEXTRUDEDAREASOLID(#914,#915,#916,2004.229632291158);
#544=IFCEXTRUDEDAREASOLID(#922,#923,#924,1331.610453207103);
#545=IFCHALFSPACESOLID(#925,.T.);
#546=IFCPLANE(#926);
#543=IFCRELDEFINESBYPROPERTIES('2r1EtDrbsRHMrqjxDd08qQ',#2,$,$,(#298),#921);
#542=IFCRELDEFINESBYPROPERTIES('17UcfRatnVrqYv2vjdS4Iu',#2,$,$,(#298),#920);
#547=IFCLOCALPLACEMENT(#414,#927);
#548=IFCRELDEFINESBYPROPERTIES('2QSRTj_Z$tMN6FvFP1jEjt',#2,$,$,(#301),#928);
#549=IFCRELDEFINESBYPROPERTIES('3xARmbs5Er8Fkrr8j1pzes',#2,$,$,(#301),#929);
#550=IFCEXTRUDEDAREASOLID(#930,#931,#932,2517.400515191475);
#551=IFCHALFSPACESOLID(#933,.T.);
#552=IFCPLANE(#934);
#553=IFCLOCALPLACEMENT(#414,#935);
#554=IFCRELDEFINESBYPROPERTIES('3j6I0Rc1NRJb80q5rljstY',#2,$,$,(#304),#936);
#555=IFCRELDEFINESBYPROPERTIES('2FSYc7NNNGiCBgigZsQPOj',#2,$,$,(#304),#937);
#556=IFCEXTRUDEDAREASOLID(#938,#939,#940,4388.122608947358);
#571=IFCLOCALPLACEMENT(#414,#959);
#570=IFCPLANE(#958);
#569=IFCHALFSPACESOLID(#957,.T.);
#568=IFCEXTRUDEDAREASOLID(#954,#955,#956,4388.122608839166);
#567=IFCRELDEFINESBYPROPERTIES('0g6xEAZOx83up_BBNeflEW',#2,$,$,(#310),#953);
#566=IFCRELDEFINESBYPROPERTIES('154eL49OL4BdxsKc95UAga',#2,$,$,(#310),#952);
#565=IFCLOCALPLACEMENT(#414,#951);
#564=IFCPLANE(#950);
#563=IFCHALFSPACESOLID(#949,.T.);
#562=IFCEXTRUDEDAREASOLID(#946,#947,#948,4388.122607274246);
#561=IFCRELDEFINESBYPROPERTIES('0nEXA8XVq8a7qoMVuZ7_T5',#2,$,$,(#307),#945);
#560=IFCRELDEFINESBYPROPERTIES('0jvwuCto9HWJM5uM5P07nG',#2,$,$,(#307),#944);
#559=IFCLOCALPLACEMENT(#414,#943);
#558=IFCPLANE(#942);
#557=IFCHALFSPACESOLID(#941,.T.);
#572=IFCRELDEFINESBYPROPERTIES('3yMj5wfsUYdcusM7H_YMT2',#2,$,$,(#313),#960);
#575=IFCHALFSPACESOLID(#965,.T.);
#574=IFCEXTRUDEDAREASOLID(#962,#963,#964,2517.400515191475);
#573=IFCRELDEFINESBYPROPERTIES('2dQImf58AIeZlqGcBBn7Cp',#2,$,$,(#313),#961);
#579=IFCRELDEFINESBYPROPERTIES('2NxeDjBS_xPXJW84gpDmGo',#2,$,$,(#316),#969);
#578=IFCRELDEFINESBYPROPERTIES('204pQnAp4h__W7jfKRsK7E',#2,$,$,(#316),#968);
#577=IFCLOCALPLACEMENT(#414,#967);
#576=IFCPLANE(#966);
#591=IFCRELDEFINESBYPROPERTIES('25a6aoP0smvd$qduPOtTgA',#2,$,$,(#322),#985);
#592=IFCEXTRUDEDAREASOLID(#986,#987,#988,3279.86021387351);
#590=IFCRELDEFINESBYPROPERTIES('1OgcyQevt$1m23cqGpl9fJ',#2,$,$,(#322),#984);
#589=IFCLOCALPLACEMENT(#414,#983);
#588=IFCPLANE(#982);
#587=IFCHALFSPACESOLID(#981,.T.);
#586=IFCEXTRUDEDAREASOLID(#978,#979,#980,1836.074836722756);
#585=IFCRELDEFINESBYPROPERTIES('2lm4XVoZSYvRntUbannXpp',#2,$,$,(#319),#977);
#584=IFCRELDEFINESBYPROPERTIES('1xlFB5JR7WjrFFmv4cF3PU',#2,$,$,(#319),#976);
#583=IFCLOCALPLACEMENT(#414,#975);
#582=IFCPLANE(#974);
#593=IFCHALFSPACESOLID(#989,.T.);
#594=IFCPLANE(#990);
#581=IFCHALFSPACESOLID(#973,.T.);
#580=IFCEXTRUDEDAREASOLID(#970,#971,#972,2517.400515191475);
#597=IFCRELDEFINESBYPROPERTIES('0xzkfYbOQWPkPmIsAO_E1r',#2,$,$,(#325),#993);
#596=IFCRELDEFINESBYPROPERTIES('1UP9xhAeXpyofoul7GIqlI',#2,$,$,(#325),#992);
#595=IFCLOCALPLACEMENT(#414,#991);
#601=IFCLOCALPLACEMENT(#414,#999);
#600=IFCPLANE(#998);
#599=IFCHALFSPACESOLID(#997,.T.);
#598=IFCEXTRUDEDAREASOLID(#994,#995,#996,3279.86021387352);
#602=IFCRELDEFINESBYPROPERTIES('1pJNs3brImmqvbU$NGJPZz',#2,$,$,(#328),#1000);
#603=IFCRELDEFINESBYPROPERTIES('12_6IH5PRZZna2apG830mz',#2,$,$,(#328),#1001);
#604=IFCEXTRUDEDAREASOLID(#1002,#1003,#1004,2517.400515191475);
#605=IFCHALFSPACESOLID(#1005,.T.);
#612=IFCPLANE(#1014);
#611=IFCHALFSPACESOLID(#1013,.T.);
#610=IFCEXTRUDEDAREASOLID(#1010,#1011,#1012,4388.122608839166);
#609=IFCRELDEFINESBYPROPERTIES('3f6kUlJTbyHpJspGlpBxV6',#2,$,$,(#331),#1009);
#608=IFCRELDEFINESBYPROPERTIES('2Ei79zuXC$kQJhD3ysVwMj',#2,$,$,(#331),#1008);
#607=IFCLOCALPLACEMENT(#414,#1007);
#606=IFCPLANE(#1006);
#615=IFCRELDEFINESBYPROPERTIES('22OH1oEThU9qMTOUPyz9Vv',#2,$,$,(#334),#1017);
#614=IFCRELDEFINESBYPROPERTIES('2go7mGU4L45ZJXrvx46OuQ',#2,$,$,(#334),#1016);
#613=IFCLOCALPLACEMENT(#414,#1015);
#620=IFCRELDEFINESBYPROPERTIES('2WVtX3m25f_nCpYJonK2YN',#2,$,$,(#337),#1024);
#619=IFCLOCALPLACEMENT(#414,#1023);
#618=IFCPLANE(#1022);
#617=IFCHALFSPACESOLID(#1021,.T.);
#616=IFCEXTRUDEDAREASOLID(#1018,#1019,#1020,4388.122607382437);
#621=IFCRELDEFINESBYPROPERTIES('3xbYRn5sp5j1VKQyc7T_Ji',#2,$,$,(#337),#1025);
#626=IFCRELDEFINESBYPROPERTIES('1vpqOsb9nPm_VfFxIKtc13',#2,$,$,(#340),#1032);
#625=IFCLOCALPLACEMENT(#414,#1031);
#624=IFCPLANE(#1030);
#623=IFCHALFSPACESOLID(#1029,.T.);
#622=IFCEXTRUDEDAREASOLID(#1026,#1027,#1028,3862.638874960084);
#633=IFCRELDEFINESBYPROPERTIES('1DyxY8G0o13VHgU5VxwUf3',#2,$,$,(#343),#1041);
#632=IFCRELDEFINESBYPROPERTIES('3jijJla7W$lJ1RfItUNhZD',#2,$,$,(#343),#1040);
#631=IFCLOCALPLACEMENT(#414,#1039);
#630=IFCPLANE(#1038);
#629=IFCHALFSPACESOLID(#1037,.T.);
#628=IFCEXTRUDEDAREASOLID(#1034,#1035,#1036,3862.638873628339);
#627=IFCRELDEFINESBYPROPERTIES('3sUjbLDDGR4_EMRWCQP9Uc',#2,$,$,(#340),#1033);
#648=IFCPLANE(#1062);
#647=IFCHALFSPACESOLID(#1061,.T.);
#646=IFCEXTRUDEDAREASOLID(#1058,#1059,#1060,2517.400515855882);
#645=IFCRELDEFINESBYPROPERTIES('3_S0EsAqrSjVGFgoyV8s0i',#2,$,$,(#349),#1057);
#644=IFCRELDEFINESBYPROPERTIES('3$cG1qHAiYxvZS0epzGaLm',#2,$,$,(#349),#1056);
#643=IFCLOCALPLACEMENT(#414,#1055);
#642=IFCPLANE(#1054);
#641=IFCHALFSPACESOLID(#1053,.T.);
#640=IFCEXTRUDEDAREASOLID(#1050,#1051,#1052,3169.000344859828);
#639=IFCRELDEFINESBYPROPERTIES('1uLxNiwnoRzvoazndMfVv5',#2,$,$,(#346),#1049);
#638=IFCRELDEFINESBYPROPERTIES('2EECDMWwuXF3ZMFvCVkp7k',#2,$,$,(#346),#1048);
#637=IFCLOCALPLACEMENT(#414,#1047);
#636=IFCPLANE(#1046);
#635=IFCHALFSPACESOLID(#1045,.T.);
#634=IFCEXTRUDEDAREASOLID(#1042,#1043,#1044,3169.000346046972);
#649=IFCLOCALPLACEMENT(#414,#1063);
#650=IFCRELDEFINESBYPROPERTIES('1GXnfxzx9ZTEHQ_qMfUkwC',#2,$,$,(#352),#1064);
#651=IFCRELDEFINESBYPROPERTIES('1Xl5QIQYzOc9FGVJXZn0d6',#2,$,$,(#352),#1065);
#661=IFCLOCALPLACEMENT(#414,#1079);
#660=IFCPLANE(#1078);
#659=IFCHALFSPACESOLID(#1077,.T.);
#658=IFCEXTRUDEDAREASOLID(#1074,#1075,#1076,1836.074836568183);
#657=IFCRELDEFINESBYPROPERTIES('1rx9VqwfQ2E_tNADRBSGAA',#2,$,$,(#355),#1073);
#656=IFCRELDEFINESBYPROPERTIES('3bCpp8rcwd1MtvTlkbh$d3',#2,$,$,(#355),#1072);
#655=IFCLOCALPLACEMENT(#414,#1071);
#654=IFCPLANE(#1070);
#653=IFCHALFSPACESOLID(#1069,.T.);
#652=IFCEXTRUDEDAREASOLID(#1066,#1067,#1068,2517.400514804541);
#670=IFCEXTRUDEDAREASOLID(#1090,#1091,#1092,2517.400515191475);
#669=IFCRELDEFINESBYPROPERTIES('2UWd4t2Mc_n67jRmkJ453T',#2,$,$,(#361),#1089);
#668=IFCRELDEFINESBYPROPERTIES('2hgxE0mJFdjQZSwW5Vxvpb',#2,$,$,(#361),#1088);
#667=IFCLOCALPLACEMENT(#414,#1087);
#666=IFCPLANE(#1086);
#665=IFCHALFSPACESOLID(#1085,.T.);
#664=IFCEXTRUDEDAREASOLID(#1082,#1083,#1084,1163.455656853214);
#663=IFCRELDEFINESBYPROPERTIES('27XXL$AdrCSZzGRn84$Cjk',#2,$,$,(#358),#1081);
#662=IFCRELDEFINESBYPROPERTIES('3eGRCNqbXKaeTHLv$Iyyy7',#2,$,$,(#358),#1080);
#673=IFCLOCALPLACEMENT(#414,#1095);
#672=IFCPLANE(#1094);
#671=IFCHALFSPACESOLID(#1093,.T.);
#687=IFCRELDEFINESBYPROPERTIES('3UIcKt1qsjWw6vKvBgoeoV',#2,$,$,(#370),#1113);
#686=IFCRELDEFINESBYPROPERTIES('1KEq4y49auY2YEIrXpsvVr',#2,$,$,(#370),#1112);
#685=IFCLOCALPLACEMENT(#414,#1111);
#684=IFCPLANE(#1110);
#683=IFCHALFSPACESOLID(#1109,.T.);
#682=IFCEXTRUDEDAREASOLID(#1106,#1107,#1108,2004.229630849888);
#681=IFCRELDEFINESBYPROPERTIES('31fI_myHMHg8rovWVYP7HK',#2,$,$,(#367),#1105);
#680=IFCRELDEFINESBYPROPERTIES('0xOHLVyfBz$dFTSnBKYxMi',#2,$,$,(#367),#1104);
#679=IFCLOCALPLACEMENT(#414,#1103);
#678=IFCPLANE(#1102);
#677=IFCHALFSPACESOLID(#1101,.T.);
#676=IFCEXTRUDEDAREASOLID(#1098,#1099,#1100,2517.400515191475);
#675=IFCRELDEFINESBYPROPERTIES('2Z3zejeOygZgErQJUfiaFk',#2,$,$,(#364),#1097);
#674=IFCRELDEFINESBYPROPERTIES('3wHeU566roXiv$6foK_ozv',#2,$,$,(#364),#1096);
#692=IFCRELDEFINESBYPROPERTIES('0f7Qn9z8WzV6FzDzCS6HwA',#2,$,$,(#373),#1120);
#691=IFCLOCALPLACEMENT(#414,#1119);
#690=IFCPLANE(#1118);
#689=IFCHALFSPACESOLID(#1117,.T.);
#693=IFCRELDEFINESBYPROPERTIES('27i3hPj3iTumqYa_dWgQeQ',#2,$,$,(#373),#1121);
#688=IFCEXTRUDEDAREASOLID(#1114,#1115,#1116,1331.610451765771);
#699=IFCRELDEFINESBYPROPERTIES('2eOl6GQqpkEZB5L2s6_WYR',#2,$,$,(#376),#1129);
#698=IFCRELDEFINESBYPROPERTIES('3q4jIjPDhjVW4p96F6qpgT',#2,$,$,(#376),#1128);
#697=IFCLOCALPLACEMENT(#414,#1127);
#696=IFCPLANE(#1126);
#695=IFCHALFSPACESOLID(#1125,.T.);
#694=IFCEXTRUDEDAREASOLID(#1122,#1123,#1124,2517.400515191475);
#705=IFCRELDEFINESBYPROPERTIES('1arVBRyFFQU3_hQQFP$8Hk',#2,$,$,(#379),#1137);
#704=IFCRELDEFINESBYPROPERTIES('3Ir0OxQ8Kg7rw1BYWSkMma',#2,$,$,(#379),#1136);
#703=IFCLOCALPLACEMENT(#414,#1135);
#706=IFCAXIS2PLACEMENT2D(#1138,#1139);
#702=IFCPLANE(#1134);
#701=IFCHALFSPACESOLID(#1133,.T.);
#700=IFCEXTRUDEDAREASOLID(#1130,#1131,#1132,2517.400515191475);
#710=IFCLOCALPLACEMENT(#414,#1140);
#711=IFCRELDEFINESBYPROPERTIES('2ffs8jKTHcHswYGZrqQp$L',#2,$,$,(#383),#1141);
#709=IFCDIRECTION((0.,0.,1.));
#708=IFCDIRECTION((0.,1.,0.));
#707=IFCCARTESIANPOINT((0.,0.,0.));
#714=IFCCARTESIANPOINT((0.,0.,0.));
#713=IFCAXIS2PLACEMENT2D(#1143,#1144);
#712=IFCRELDEFINESBYPROPERTIES('1om7OB$3IOKb9k7z$I0Mok',#2,$,$,(#383),#1142);
#728=IFCHALFSPACESOLID(#1156,.T.);
#727=IFCEXTRUDEDAREASOLID(#1153,#1154,#1155,2004.229632291158);
#726=IFCRELDEFINESBYPROPERTIES('1x7UCmakXM0hOX_CQ51fcQ',#2,$,$,(#391),#1152);
#725=IFCRELDEFINESBYPROPERTIES('1$HqH5MQPcKQeXhZron_ZL',#2,$,$,(#391),#1151);
#724=IFCLOCALPLACEMENT(#414,#1150);
#723=IFCDIRECTION((0.,0.,1.));
#722=IFCDIRECTION((0.,1.,0.));
#721=IFCCARTESIANPOINT((0.,0.,0.));
#720=IFCAXIS2PLACEMENT2D(#1148,#1149);
#719=IFCRELDEFINESBYPROPERTIES('1ofrz6CHwZZy0boaAfsCVG',#2,$,$,(#387),#1147);
#729=IFCPLANE(#1157);
#718=IFCRELDEFINESBYPROPERTIES('0yPMJ0uDYxOPc9FTYgqXed',#2,$,$,(#387),#1146);
#717=IFCLOCALPLACEMENT(#414,#1145);
#716=IFCDIRECTION((0.,0.,1.));
#715=IFCDIRECTION((0.,1.,0.));
#734=IFCHALFSPACESOLID(#1164,.T.);
#735=IFCPLANE(#1165);
#733=IFCEXTRUDEDAREASOLID(#1161,#1162,#1163,1331.610453207103);
#732=IFCRELDEFINESBYPROPERTIES('0hEm$JhwCTwJbPHYsphI4M',#2,$,$,(#394),#1160);
#731=IFCRELDEFINESBYPROPERTIES('289oAz2aRwr$2ueL2CDPH8',#2,$,$,(#394),#1159);
#730=IFCLOCALPLACEMENT(#414,#1158);
#739=IFCEXTRUDEDAREASOLID(#1169,#1170,#1171,2517.400515191475);
#738=IFCRELDEFINESBYPROPERTIES('30wu6rVClO0NfcjVjoeLLM',#2,$,$,(#397),#1168);
#737=IFCRELDEFINESBYPROPERTIES('33rhQ0HiL0aUmJ$MOVq6I4',#2,$,$,(#397),#1167);
#736=IFCLOCALPLACEMENT(#414,#1166);
#754=IFCLOCALPLACEMENT(#414,#1190);
#753=IFCPLANE(#1189);
#752=IFCHALFSPACESOLID(#1188,.T.);
#751=IFCEXTRUDEDAREASOLID(#1185,#1186,#1187,1163.455657007772);
#750=IFCRELDEFINESBYPROPERTIES('0VgSb1dgNE8IaFLE7GbR88',#2,$,$,(#403),#1184);
#749=IFCRELDEFINESBYPROPERTIES('13DMCDQ12DiyjLZ6kMMGVe',#2,$,$,(#403),#1183);
#748=IFCLOCALPLACEMENT(#414,#1182);
#747=IFCPLANE(#1181);
#746=IFCHALFSPACESOLID(#1180,.T.);
#745=IFCEXTRUDEDAREASOLID(#1177,#1178,#1179,1836.074836722756);
#744=IFCRELDEFINESBYPROPERTIES('1eyxQtAZGrQMEn3nIOTjzY',#2,$,$,(#400),#1176);
#743=IFCRELDEFINESBYPROPERTIES('03QBzm80AMOXOQcvp$nNTp',#2,$,$,(#400),#1175);
#742=IFCLOCALPLACEMENT(#414,#1174);
#741=IFCPLANE(#1173);
#740=IFCHALFSPACESOLID(#1172,.T.);
#756=IFCRELDEFINESBYPROPERTIES('1GD1V5nohdUK9s6Pm_I907',#2,$,$,(#406),#1192);
#755=IFCRELDEFINESBYPROPERTIES('3UXdtUpII0DL0HWeAb2Ma4',#2,$,$,(#406),#1191);
#762=IFCRELDEFINESBYPROPERTIES('1fRaYB6kLlQJrTkd5ypvsj',#2,$,$,(#409),#1200);
#761=IFCRELDEFINESBYPROPERTIES('0tvGEljNijXAYVYrQcEEic',#2,$,$,(#409),#1199);
#760=IFCLOCALPLACEMENT(#414,#1198);
#763=IFCCARTESIANPOINT((0.,0.,0.));
#759=IFCPLANE(#1197);
#758=IFCHALFSPACESOLID(#1196,.T.);
#757=IFCEXTRUDEDAREASOLID(#1193,#1194,#1195,3279.86021387351);
#766=IFCAXIS2PLACEMENT3D(#1201,#1202,#1203);
#765=IFCDIRECTION((1.,0.,0.));
#764=IFCDIRECTION((0.,0.,1.));
#768=IFCRECTANGLEPROFILEDEF(.AREA.,'',#1204,139.7,38.09999999999999);
#767=IFCBUILDINGSTOREY('1$$CFLBYP0t8y4lLcVUnx5',#2,'0. Story',$,$,#414,$,$,.ELEMENT.,0.);
#775=IFCBEAMTYPE('2w9r7_MRZkAv9wc71id5bU',#2,'GENERIC - STRUCTURAL 38 x 140',$,$,$,$,'BA2751FE-59B8-EE2B-927A-98706C9C595E',$,.BEAM.);
#774=IFCCLASSIFICATIONREFERENCE($,'Beam',$,#1215,$,$);
#773=IFCAXIS2PLACEMENT3D(#1212,#1213,#1214);
#772=IFCAXIS2PLACEMENT3D(#1209,#1210,#1211);
#771=IFCPLANE(#1208);
#770=IFCDIRECTION((0.,0.,1.));
#769=IFCAXIS2PLACEMENT3D(#1205,#1206,#1207);
#782=IFCPLANE(#1225);
#781=IFCDIRECTION((0.,0.,1.));
#780=IFCAXIS2PLACEMENT3D(#1222,#1223,#1224);
#779=IFCRECTANGLEPROFILEDEF(.AREA.,'',#1221,139.7,38.09999999999999);
#778=IFCCOLOURRGB($,0.6588235294117647,0.6588235294117647,0.6588235294117647);
#777=IFCPROPERTYSET('1F30K5Es1DWnd74LeSdHdc',#2,'Design Options',$,(#1219,#1220));
#776=IFCPROPERTYSET('3lc0CPYiJOfv69uW0ChfKU',#2,'Pset_BeamCommon',$,(#1216,#1217,#1218));
#785=IFCPROPERTYSET('1KM$EkSFzfQvqNGHLBJanI',#2,'Pset_BeamCommon',$,(#1232,#1233,#1234));
#784=IFCAXIS2PLACEMENT3D(#1229,#1230,#1231);
#783=IFCAXIS2PLACEMENT3D(#1226,#1227,#1228);
#793=IFCPROPERTYSET('3_HCE8wjWMccm6dDKnUYEO',#2,'Pset_BeamCommon',$,(#1248,#1249,#1250));
#792=IFCAXIS2PLACEMENT3D(#1245,#1246,#1247);
#791=IFCAXIS2PLACEMENT3D(#1242,#1243,#1244);
#790=IFCPLANE(#1241);
#789=IFCDIRECTION((0.,0.,1.));
#788=IFCAXIS2PLACEMENT3D(#1238,#1239,#1240);
#787=IFCRECTANGLEPROFILEDEF(.AREA.,'',#1237,139.7,38.09999999999999);
#786=IFCPROPERTYSET('0lz5QvowVlrr6mSNOs9cHj',#2,'Design Options',$,(#1235,#1236));
#805=IFCAXIS2PLACEMENT3D(#1269,#1270,#1271);
#804=IFCDIRECTION((1.,0.));
#803=IFCCARTESIANPOINT((-69.84999999999999,0.));
#802=IFCPROPERTYSET('2h_GxGERkKXL9tvvWEmWy9',#2,'Design Options',$,(#1267,#1268));
#801=IFCPROPERTYSET('1r$cIhrLY39tpIqiy83Yvi',#2,'Pset_BeamCommon',$,(#1264,#1265,#1266));
#800=IFCAXIS2PLACEMENT3D(#1261,#1262,#1263);
#799=IFCAXIS2PLACEMENT3D(#1258,#1259,#1260);
#798=IFCPLANE(#1257);
#797=IFCDIRECTION((0.,0.,1.));
#796=IFCAXIS2PLACEMENT3D(#1254,#1255,#1256);
#795=IFCRECTANGLEPROFILEDEF(.AREA.,'',#1253,139.7,38.09999999999999);
#794=IFCPROPERTYSET('30jkQesYjtVQBgbJ_izB76',#2,'Design Options',$,(#1251,#1252));
#807=IFCPROPERTYSET('0MfWuxLhod3WddYswbDuR_',#2,'Design Options',$,(#1275,#1276));
#806=IFCPROPERTYSET('0wAFaRJcY$cw0EqZqRVBTv',#2,'Pset_BeamCommon',$,(#1272,#1273,#1274));
#819=IFCPLANE(#1297);
#818=IFCDIRECTION((0.,0.,1.));
#817=IFCAXIS2PLACEMENT3D(#1294,#1295,#1296);
#816=IFCRECTANGLEPROFILEDEF(.AREA.,'',#1293,139.7,38.09999999999999);
#820=IFCAXIS2PLACEMENT3D(#1298,#1299,#1300);
#815=IFCPROPERTYSET('3PbLLlL_drx1J$sFD5Kwf7',#2,'Design Options',$,(#1291,#1292));
#814=IFCPROPERTYSET('21lfz7tKpoqzhmttKlH4VB',#2,'Pset_BeamCommon',$,(#1288,#1289,#1290));
#813=IFCAXIS2PLACEMENT3D(#1285,#1286,#1287);
#812=IFCAXIS2PLACEMENT3D(#1282,#1283,#1284);
#811=IFCPLANE(#1281);
#810=IFCDIRECTION((0.,0.,1.));
#809=IFCAXIS2PLACEMENT3D(#1278,#1279,#1280);
#808=IFCRECTANGLEPROFILEDEF(.AREA.,'',#1277,139.7,38.09999999999999);
#830=IFCPROPERTYSET('0iZxV4CZY$OWoiscRRV3pY',#2,'Pset_BeamCommon',$,(#1320,#1321,#1322));
#829=IFCAXIS2PLACEMENT3D(#1317,#1318,#1319);
#828=IFCAXIS2PLACEMENT3D(#1314,#1315,#1316);
#827=IFCPLANE(#1313);
#826=IFCDIRECTION((0.,0.,1.));
#825=IFCAXIS2PLACEMENT3D(#1310,#1311,#1312);
#824=IFCRECTANGLEPROFILEDEF(.AREA.,'',#1309,139.7,38.09999999999999);
#823=IFCPROPERTYSET('3UO9UGrd9ejVWts8p38Wb$',#2,'Design Options',$,(#1307,#1308));
#822=IFCPROPERTYSET('0S1yuek_xSuEX_bwRIYWsQ',#2,'Pset_BeamCommon',$,(#1304,#1305,#1306));
#821=IFCAXIS2PLACEMENT3D(#1301,#1302,#1303);
#843=IFCPLANE(#1345);
#842=IFCDIRECTION((0.,0.,1.));
#841=IFCAXIS2PLACEMENT3D(#1342,#1343,#1344);
#840=IFCRECTANGLEPROFILEDEF(.AREA.,'',#1341,139.7,38.09999999999999);
#839=IFCPROPERTYSET('0CJBhB4ibn7s09YklP5aSc',#2,'Design Options',$,(#1339,#1340));
#838=IFCPROPERTYSET('0LnEdn1PZU8lg222_3mKZ6',#2,'Pset_BeamCommon',$,(#1336,#1337,#1338));
#837=IFCAXIS2PLACEMENT3D(#1333,#1334,#1335);
#836=IFCAXIS2PLACEMENT3D(#1330,#1331,#1332);
#835=IFCPLANE(#1329);
#834=IFCDIRECTION((0.,0.,1.));
#833=IFCAXIS2PLACEMENT3D(#1326,#1327,#1328);
#832=IFCRECTANGLEPROFILEDEF(.AREA.,'',#1325,139.7,38.09999999999999);
#831=IFCPROPERTYSET('2QWLWQYN3vSwWRRGS3Yy6W',#2,'Design Options',$,(#1323,#1324));
#853=IFCAXIS2PLACEMENT3D(#1365,#1366,#1367);
#852=IFCAXIS2PLACEMENT3D(#1362,#1363,#1364);
#851=IFCPLANE(#1361);
#850=IFCDIRECTION((0.,0.,1.));
#849=IFCAXIS2PLACEMENT3D(#1358,#1359,#1360);
#848=IFCRECTANGLEPROFILEDEF(.AREA.,'',#1357,139.7,38.09999999999999);
#847=IFCPROPERTYSET('27Ir9neeZ$Oqhor3MnF2bG',#2,'Design Options',$,(#1355,#1356));
#846=IFCPROPERTYSET('3LW8FVQpxbYM_PvBG1mNEI',#2,'Pset_BeamCommon',$,(#1352,#1353,#1354));
#845=IFCAXIS2PLACEMENT3D(#1349,#1350,#1351);
#844=IFCAXIS2PLACEMENT3D(#1346,#1347,#1348);
#868=IFCPROPERTYSET('2glz6cEW9uWWAba$2TnqS6',#2,'Design Options',$,(#1395,#1396));
#867=IFCPROPERTYSET('0PYohfOfx9Yfvw9uPjLr6g',#2,'Pset_BeamCommon',$,(#1392,#1393,#1394));
#866=IFCAXIS2PLACEMENT3D(#1389,#1390,#1391);
#865=IFCAXIS2PLACEMENT3D(#1386,#1387,#1388);
#864=IFCPLANE(#1385);
#863=IFCDIRECTION((0.,0.,1.));
#862=IFCAXIS2PLACEMENT3D(#1382,#1383,#1384);
#861=IFCRECTANGLEPROFILEDEF(.AREA.,'',#1381,139.7,38.09999999999999);
#860=IFCPROPERTYSET('0Hi$PL184P6KpPsfqQ_i2k',#2,'Design Options',$,(#1379,#1380));
#859=IFCPROPERTYSET('0Ewm_Vl6tEm2ZATuL95r6o',#2,'Pset_BeamCommon',$,(#1376,#1377,#1378));
#858=IFCAXIS2PLACEMENT3D(#1373,#1374,#1375);
#857=IFCDIRECTION((1.,0.));
#856=IFCCARTESIANPOINT((-69.84999999999999,0.));
#855=IFCPROPERTYSET('1iZrLhoOvl6RwKwxaa58Tj',#2,'Design Options',$,(#1371,#1372));
#854=IFCPROPERTYSET('1RPbhMvvPWSCBpDFzo4Ngm',#2,'Pset_BeamCommon',$,(#1368,#1369,#1370));
#883=IFCPROPERTYSET('3gU72_sNpInsgJeY$JP0PE',#2,'Pset_BeamCommon',$,(#1424,#1425,#1426));
#882=IFCAXIS2PLACEMENT3D(#1421,#1422,#1423);
#881=IFCAXIS2PLACEMENT3D(#1418,#1419,#1420);
#880=IFCPLANE(#1417);
#879=IFCDIRECTION((0.,0.,1.));
#878=IFCAXIS2PLACEMENT3D(#1414,#1415,#1416);
#877=IFCRECTANGLEPROFILEDEF(.AREA.,'',#1413,139.7,38.09999999999999);
#876=IFCPROPERTYSET('3Mqk_uheKm$qqe_W$b60LW',#2,'Design Options',$,(#1411,#1412));
#875=IFCPROPERTYSET('2tb0hCUtfnUZcf1OIVDmF0',#2,'Pset_BeamCommon',$,(#1408,#1409,#1410));
#874=IFCAXIS2PLACEMENT3D(#1405,#1406,#1407);
#873=IFCAXIS2PLACEMENT3D(#1402,#1403,#1404);
#872=IFCPLANE(#1401);
#871=IFCDIRECTION((0.,0.,1.));
#870=IFCAXIS2PLACEMENT3D(#1398,#1399,#1400);
#869=IFCRECTANGLEPROFILEDEF(.AREA.,'',#1397,139.7,38.09999999999999);
#891=IFCPROPERTYSET('2g_AgYdq2wtSlNVeFaHYVs',#2,'Pset_BeamCommon',$,(#1440,#1441,#1442));
#890=IFCAXIS2PLACEMENT3D(#1437,#1438,#1439);
#889=IFCAXIS2PLACEMENT3D(#1434,#1435,#1436);
#888=IFCPLANE(#1433);
#887=IFCDIRECTION((0.,0.,1.));
#886=IFCAXIS2PLACEMENT3D(#1430,#1431,#1432);
#885=IFCRECTANGLEPROFILEDEF(.AREA.,'',#1429,139.7,38.09999999999999);
#884=IFCPROPERTYSET('1TefGwpPVwg18w_0ODTUDO',#2,'Design Options',$,(#1427,#1428));
#894=IFCAXIS2PLACEMENT3D(#1446,#1447,#1448);
#893=IFCRECTANGLEPROFILEDEF(.AREA.,'',#1445,139.7,38.09999999999999);
#892=IFCPROPERTYSET('0Q1Rx8tNvEJOY1sQIDI2C6',#2,'Design Options',$,(#1443,#1444));
#898=IFCAXIS2PLACEMENT3D(#1453,#1454,#1455);
#897=IFCAXIS2PLACEMENT3D(#1450,#1451,#1452);
#896=IFCPLANE(#1449);
#895=IFCDIRECTION((0.,0.,1.));
#905=IFCAXIS2PLACEMENT3D(#1466,#1467,#1468);
#904=IFCPLANE(#1465);
#903=IFCDIRECTION((0.,0.,1.));
#906=IFCAXIS2PLACEMENT3D(#1469,#1470,#1471);
#902=IFCAXIS2PLACEMENT3D(#1462,#1463,#1464);
#901=IFCRECTANGLEPROFILEDEF(.AREA.,'',#1461,139.7,38.09999999999999);
#900=IFCPROPERTYSET('0bUK1_gIpTnaOTZtgoBL5M',#2,'Design Options',$,(#1459,#1460));
#899=IFCPROPERTYSET('3_YCoQKZAjHiIqSooVonQR',#2,'Pset_BeamCommon',$,(#1456,#1457,#1458));
#907=IFCPROPERTYSET('3P$y2DJqQ7LvA40iMaj7zs',#2,'Pset_BeamCommon',$,(#1472,#1473,#1474));
#908=IFCPROPERTYSET('3wqcikmruifL5KFH8u5fFG',#2,'Design Options',$,(#1475,#1476));
#909=IFCCARTESIANPOINT((-69.84999999999999,0.));
#910=IFCDIRECTION((1.,0.));
#911=IFCAXIS2PLACEMENT3D(#1477,#1478,#1479);
#912=IFCPROPERTYSET('1fAGycc_koj2dUM0LJ46_1',#2,'Pset_BeamCommon',$,(#1480,#1481,#1482));
#913=IFCPROPERTYSET('11HgOiG5w96OIB8cOFysrA',#2,'Design Options',$,(#1483,#1484));
#919=IFCAXIS2PLACEMENT3D(#1493,#1494,#1495);
#918=IFCAXIS2PLACEMENT3D(#1490,#1491,#1492);
#917=IFCPLANE(#1489);
#916=IFCDIRECTION((0.,0.,1.));
#915=IFCAXIS2PLACEMENT3D(#1486,#1487,#1488);
#914=IFCRECTANGLEPROFILEDEF(.AREA.,'',#1485,139.7,38.09999999999999);
#924=IFCDIRECTION((0.,0.,1.));
#925=IFCPLANE(#1505);
#923=IFCAXIS2PLACEMENT3D(#1502,#1503,#1504);
#922=IFCRECTANGLEPROFILEDEF(.AREA.,'',#1501,139.7,38.09999999999999);
#921=IFCPROPERTYSET('0EJ_Jf0iLSYmNfw3cUPPYr',#2,'Design Options',$,(#1499,#1500));
#920=IFCPROPERTYSET('1M58F5knI4yiZcGaTDWrCd',#2,'Pset_BeamCommon',$,(#1496,#1497,#1498));
#930=IFCRECTANGLEPROFILEDEF(.AREA.,'',#1517,139.7,38.09999999999999);
#929=IFCPROPERTYSET('31O$r0I1nAMx7e5f81WB1m',#2,'Design Options',$,(#1515,#1516));
#928=IFCPROPERTYSET('26R2sFWuNoqR7zXLj5AkgL',#2,'Pset_BeamCommon',$,(#1512,#1513,#1514));
#927=IFCAXIS2PLACEMENT3D(#1509,#1510,#1511);
#926=IFCAXIS2PLACEMENT3D(#1506,#1507,#1508);
#931=IFCAXIS2PLACEMENT3D(#1518,#1519,#1520);
#932=IFCDIRECTION((0.,0.,1.));
#933=IFCPLANE(#1521);
#934=IFCAXIS2PLACEMENT3D(#1522,#1523,#1524);
#935=IFCAXIS2PLACEMENT3D(#1525,#1526,#1527);
#936=IFCPROPERTYSET('0vRtl60U7zO0KLOVznaDUI',#2,'Pset_BeamCommon',$,(#1528,#1529,#1530));
#937=IFCPROPERTYSET('3uD$ETrOOTnIlKZohsP9uh',#2,'Design Options',$,(#1531,#1532));
#938=IFCRECTANGLEPROFILEDEF(.AREA.,'',#1533,139.7,38.09999999999999);
#939=IFCAXIS2PLACEMENT3D(#1534,#1535,#1536);
#944=IFCPROPERTYSET('1T5ScqtKgvM5Yz3YHxdwhB',#2,'Pset_BeamCommon',$,(#1544,#1545,#1546));
#943=IFCAXIS2PLACEMENT3D(#1541,#1542,#1543);
#942=IFCAXIS2PLACEMENT3D(#1538,#1539,#1540);
#941=IFCPLANE(#1537);
#940=IFCDIRECTION((0.,0.,1.));
#952=IFCPROPERTYSET('3L2Lzk7fnJvHbu8v9_9WSR',#2,'Pset_BeamCommon',$,(#1560,#1561,#1562));
#951=IFCAXIS2PLACEMENT3D(#1557,#1558,#1559);
#950=IFCAXIS2PLACEMENT3D(#1554,#1555,#1556);
#949=IFCPLANE(#1553);
#948=IFCDIRECTION((0.,0.,1.));
#947=IFCAXIS2PLACEMENT3D(#1550,#1551,#1552);
#946=IFCRECTANGLEPROFILEDEF(.AREA.,'',#1549,139.7,38.09999999999999);
#945=IFCPROPERTYSET('2ty4NWL8pCXKSjAeJKGKtY',#2,'Design Options',$,(#1547,#1548));
#953=IFCPROPERTYSET('2MYmdZAoy8FX44D4hWQ9ut',#2,'Design Options',$,(#1563,#1564));
#954=IFCRECTANGLEPROFILEDEF(.AREA.,'',#1565,139.7,38.09999999999999);
#955=IFCAXIS2PLACEMENT3D(#1566,#1567,#1568);
#956=IFCDIRECTION((0.,0.,1.));
#957=IFCPLANE(#1569);
#958=IFCAXIS2PLACEMENT3D(#1570,#1571,#1572);
#959=IFCAXIS2PLACEMENT3D(#1573,#1574,#1575);
#960=IFCPROPERTYSET('3LlP7cWcHqNH7Q2I3gTZZ0',#2,'Pset_BeamCommon',$,(#1576,#1577,#1578));
#961=IFCPROPERTYSET('0XcH_390Ms0XriU9VN3QpO',#2,'Design Options',$,(#1579,#1580));
#962=IFCRECTANGLEPROFILEDEF(.AREA.,'',#1581,139.7,38.09999999999999);
#963=IFCAXIS2PLACEMENT3D(#1582,#1583,#1584);
#964=IFCDIRECTION((0.,0.,1.));
#965=IFCPLANE(#1585);
#966=IFCAXIS2PLACEMENT3D(#1586,#1587,#1588);
#967=IFCAXIS2PLACEMENT3D(#1589,#1590,#1591);
#968=IFCPROPERTYSET('2O3bdvyxKmsi95Z61SedqY',#2,'Pset_BeamCommon',$,(#1592,#1593,#1594));
#969=IFCPROPERTYSET('2XQVYWsQa44IMKhwr$yUpB',#2,'Design Options',$,(#1595,#1596));
#970=IFCRECTANGLEPROFILEDEF(.AREA.,'',#1597,139.7,38.09999999999999);
#971=IFCAXIS2PLACEMENT3D(#1598,#1599,#1600);
#973=IFCPLANE(#1601);
#972=IFCDIRECTION((0.,0.,1.));
#974=IFCAXIS2PLACEMENT3D(#1602,#1603,#1604);
#975=IFCAXIS2PLACEMENT3D(#1605,#1606,#1607);
#976=IFCPROPERTYSET('107q08QeE4rsEdnsWyrdfh',#2,'Pset_BeamCommon',$,(#1608,#1609,#1610));
#977=IFCPROPERTYSET('0cD_vcnyQxoPDzOUXg9ZMr',#2,'Design Options',$,(#1611,#1612));
#978=IFCRECTANGLEPROFILEDEF(.AREA.,'',#1613,139.7,38.09999999999999);
#979=IFCAXIS2PLACEMENT3D(#1614,#1615,#1616);
#980=IFCDIRECTION((0.,0.,1.));
#981=IFCPLANE(#1617);
#982=IFCAXIS2PLACEMENT3D(#1618,#1619,#1620);
#983=IFCAXIS2PLACEMENT3D(#1621,#1622,#1623);
#984=IFCPROPERTYSET('0e2d3m2Z5TQIUiv3Qguq2F',#2,'Pset_BeamCommon',$,(#1624,#1625,#1626));
#985=IFCPROPERTYSET('2WS$LHNDM5g7G$Hz6oBXN4',#2,'Design Options',$,(#1627,#1628));
#986=IFCRECTANGLEPROFILEDEF(.AREA.,'',#1629,139.7,38.09999999999999);
#987=IFCAXIS2PLACEMENT3D(#1630,#1631,#1632);
#989=IFCPLANE(#1633);
#988=IFCDIRECTION((0.,0.,1.));
#990=IFCAXIS2PLACEMENT3D(#1634,#1635,#1636);
#991=IFCAXIS2PLACEMENT3D(#1637,#1638,#1639);
#992=IFCPROPERTYSET('35xjD1Of4yXLxZOMWFUTWp',#2,'Pset_BeamCommon',$,(#1640,#1641,#1642));
#993=IFCPROPERTYSET('2803TP9IwmA6TSUXQRhJLP',#2,'Design Options',$,(#1643,#1644));
#994=IFCRECTANGLEPROFILEDEF(.AREA.,'',#1645,139.7,38.09999999999999);
#995=IFCAXIS2PLACEMENT3D(#1646,#1647,#1648);
#997=IFCPLANE(#1649);
#996=IFCDIRECTION((0.,0.,1.));
#998=IFCAXIS2PLACEMENT3D(#1650,#1651,#1652);
#999=IFCAXIS2PLACEMENT3D(#1653,#1654,#1655);
#1000=IFCPROPERTYSET('3nunBJS$SkomynfhwwvOwr',#2,'Pset_BeamCommon',$,(#1656,#1657,#1658));
#1001=IFCPROPERTYSET('0yXB9F1SbdlfWWaOFOTnZy',#2,'Design Options',$,(#1659,#1660));
#1002=IFCRECTANGLEPROFILEDEF(.AREA.,'',#1661,139.7,38.09999999999999);
#1006=IFCAXIS2PLACEMENT3D(#1666,#1667,#1668);
#1005=IFCPLANE(#1665);
#1004=IFCDIRECTION((0.,0.,1.));
#1003=IFCAXIS2PLACEMENT3D(#1662,#1663,#1664);
#1007=IFCAXIS2PLACEMENT3D(#1669,#1670,#1671);
#1008=IFCPROPERTYSET('16vopTMOMlzPO9Chr3nZQw',#2,'Pset_BeamCommon',$,(#1672,#1673,#1674));
#1009=IFCPROPERTYSET('3kIDxKGyc1M6akUjUm22h_',#2,'Design Options',$,(#1675,#1676));
#1010=IFCRECTANGLEPROFILEDEF(.AREA.,'',#1677,139.7,38.09999999999999);
#1011=IFCAXIS2PLACEMENT3D(#1678,#1679,#1680);
#1012=IFCDIRECTION((0.,0.,1.));
#1013=IFCPLANE(#1681);
#1014=IFCAXIS2PLACEMENT3D(#1682,#1683,#1684);
#1015=IFCAXIS2PLACEMENT3D(#1685,#1686,#1687);
#1016=IFCPROPERTYSET('0wUkaZyePUN9mVYbr6Q5Ud',#2,'Pset_BeamCommon',$,(#1688,#1689,#1690));
#1017=IFCPROPERTYSET('2yGUTf1XkBZ1shO3FTfdfh',#2,'Design Options',$,(#1691,#1692));
#1024=IFCPROPERTYSET('0FNbZq2rSRCHuaZ2lYu4MV',#2,'Pset_BeamCommon',$,(#1704,#1705,#1706));
#1023=IFCAXIS2PLACEMENT3D(#1701,#1702,#1703);
#1022=IFCAXIS2PLACEMENT3D(#1698,#1699,#1700);
#1021=IFCPLANE(#1697);
#1020=IFCDIRECTION((0.,0.,1.));
#1019=IFCAXIS2PLACEMENT3D(#1694,#1695,#1696);
#1018=IFCRECTANGLEPROFILEDEF(.AREA.,'',#1693,139.7,38.09999999999999);
#1029=IFCPLANE(#1713);
#1028=IFCDIRECTION((0.,0.,1.));
#1027=IFCAXIS2PLACEMENT3D(#1710,#1711,#1712);
#1026=IFCRECTANGLEPROFILEDEF(.AREA.,'',#1709,139.7,38.09999999999999);
#1025=IFCPROPERTYSET('28B1apoRH4_qC10q$1mrbd',#2,'Design Options',$,(#1707,#1708));
#1030=IFCAXIS2PLACEMENT3D(#1714,#1715,#1716);
#1031=IFCAXIS2PLACEMENT3D(#1717,#1718,#1719);
#1032=IFCPROPERTYSET('3Q58F1UyJpipjPg0aqd_rx',#2,'Pset_BeamCommon',$,(#1720,#1721,#1722));
#1033=IFCPROPERTYSET('0zb7ZmZCozleE17ZlHq8Rf',#2,'Design Options',$,(#1723,#1724));
#1034=IFCRECTANGLEPROFILEDEF(.AREA.,'',#1725,139.7,38.09999999999999);
#1035=IFCAXIS2PLACEMENT3D(#1726,#1727,#1728);
#1036=IFCDIRECTION((0.,0.,1.));
#1037=IFCPLANE(#1729);
#1038=IFCAXIS2PLACEMENT3D(#1730,#1731,#1732);
#1039=IFCAXIS2PLACEMENT3D(#1733,#1734,#1735);
#1040=IFCPROPERTYSET('0M42DQERvOVAIsxQ6Pg0H6',#2,'Pset_BeamCommon',$,(#1736,#1737,#1738));
#1041=IFCPROPERTYSET('10yHXwyBKBm6kukVe0dNEp',#2,'Design Options',$,(#1739,#1740));
#1042=IFCRECTANGLEPROFILEDEF(.AREA.,'',#1741,139.7,38.09999999999999);
#1043=IFCAXIS2PLACEMENT3D(#1742,#1743,#1744);
#1045=IFCPLANE(#1745);
#1044=IFCDIRECTION((0.,0.,1.));
#1046=IFCAXIS2PLACEMENT3D(#1746,#1747,#1748);
#1047=IFCAXIS2PLACEMENT3D(#1749,#1750,#1751);
#1048=IFCPROPERTYSET('2dvrfWpoM2YCOwEVo3_p_x',#2,'Pset_BeamCommon',$,(#1752,#1753,#1754));
#1049=IFCPROPERTYSET('3FScREmbTZmvzO7CaREL1j',#2,'Design Options',$,(#1755,#1756));
#1050=IFCRECTANGLEPROFILEDEF(.AREA.,'',#1757,139.7,38.09999999999999);
#1051=IFCAXIS2PLACEMENT3D(#1758,#1759,#1760);
#1054=IFCAXIS2PLACEMENT3D(#1762,#1763,#1764);
#1053=IFCPLANE(#1761);
#1052=IFCDIRECTION((0.,0.,1.));
#1055=IFCAXIS2PLACEMENT3D(#1765,#1766,#1767);
#1056=IFCPROPERTYSET('1JrDfbGAW8udMEjKjjMYYn',#2,'Pset_BeamCommon',$,(#1768,#1769,#1770));
#1057=IFCPROPERTYSET('10ILCrUM4odJFtFA1coJYx',#2,'Design Options',$,(#1771,#1772));
#1058=IFCRECTANGLEPROFILEDEF(.AREA.,'',#1773,139.7,38.09999999999999);
#1059=IFCAXIS2PLACEMENT3D(#1774,#1775,#1776);
#1061=IFCPLANE(#1777);
#1060=IFCDIRECTION((0.,0.,1.));
#1062=IFCAXIS2PLACEMENT3D(#1778,#1779,#1780);
#1063=IFCAXIS2PLACEMENT3D(#1781,#1782,#1783);
#1064=IFCPROPERTYSET('0bAO92JGDSHujKOaTMafG7',#2,'Pset_BeamCommon',$,(#1784,#1785,#1786));
#1065=IFCPROPERTYSET('3tPvwSsSCUZsXwB4iadWne',#2,'Design Options',$,(#1787,#1788));
#1066=IFCRECTANGLEPROFILEDEF(.AREA.,'',#1789,139.7,38.09999999999999);
#1067=IFCAXIS2PLACEMENT3D(#1790,#1791,#1792);
#1068=IFCDIRECTION((0.,0.,1.));
#1069=IFCPLANE(#1793);
#1070=IFCAXIS2PLACEMENT3D(#1794,#1795,#1796);
#1071=IFCAXIS2PLACEMENT3D(#1797,#1798,#1799);
#1073=IFCPROPERTYSET('1fwApYJpAU9s7YmYnkZ4mV',#2,'Design Options',$,(#1803,#1804));
#1072=IFCPROPERTYSET('2Ic$QCLczrVqIo3$0UnS22',#2,'Pset_BeamCommon',$,(#1800,#1801,#1802));
#1079=IFCAXIS2PLACEMENT3D(#1813,#1814,#1815);
#1078=IFCAXIS2PLACEMENT3D(#1810,#1811,#1812);
#1077=IFCPLANE(#1809);
#1076=IFCDIRECTION((0.,0.,1.));
#1075=IFCAXIS2PLACEMENT3D(#1806,#1807,#1808);
#1074=IFCRECTANGLEPROFILEDEF(.AREA.,'',#1805,139.7,38.09999999999999);
#1080=IFCPROPERTYSET('1xBfF8RfAiuYKKslqP8Egs',#2,'Pset_BeamCommon',$,(#1816,#1817,#1818));
#1081=IFCPROPERTYSET('0HOk047V7UV1Aez9Zo5L0R',#2,'Design Options',$,(#1819,#1820));
#1082=IFCRECTANGLEPROFILEDEF(.AREA.,'',#1821,139.7,38.09999999999999);
#1083=IFCAXIS2PLACEMENT3D(#1822,#1823,#1824);
#1084=IFCDIRECTION((0.,0.,1.));
#1085=IFCPLANE(#1825);
#1086=IFCAXIS2PLACEMENT3D(#1826,#1827,#1828);
#1087=IFCAXIS2PLACEMENT3D(#1829,#1830,#1831);
#1088=IFCPROPERTYSET('0kgh2sUh$CtvA5IPWhhH$B',#2,'Pset_BeamCommon',$,(#1832,#1833,#1834));
#1089=IFCPROPERTYSET('1mM1RHr5DdvfiGGlNIUV8B',#2,'Design Options',$,(#1835,#1836));
#1090=IFCRECTANGLEPROFILEDEF(.AREA.,'',#1837,139.7,38.09999999999999);
#1091=IFCAXIS2PLACEMENT3D(#1838,#1839,#1840);
#1092=IFCDIRECTION((0.,0.,1.));
#1093=IFCPLANE(#1841);
#1094=IFCAXIS2PLACEMENT3D(#1842,#1843,#1844);
#1095=IFCAXIS2PLACEMENT3D(#1845,#1846,#1847);
#1096=IFCPROPERTYSET('3vzhJktVupZJ7$zdmSFC59',#2,'Pset_BeamCommon',$,(#1848,#1849,#1850));
#1097=IFCPROPERTYSET('10q8VJ_tIChtelHM1x2cKL',#2,'Design Options',$,(#1851,#1852));
#1098=IFCRECTANGLEPROFILEDEF(.AREA.,'',#1853,139.7,38.09999999999999);
#1099=IFCAXIS2PLACEMENT3D(#1854,#1855,#1856);
#1100=IFCDIRECTION((0.,0.,1.));
#1101=IFCPLANE(#1857);
#1102=IFCAXIS2PLACEMENT3D(#1858,#1859,#1860);
#1103=IFCAXIS2PLACEMENT3D(#1861,#1862,#1863);
#1104=IFCPROPERTYSET('38pp47vUCAIZGDNH2kphPb',#2,'Pset_BeamCommon',$,(#1864,#1865,#1866));
#1107=IFCAXIS2PLACEMENT3D(#1870,#1871,#1872);
#1106=IFCRECTANGLEPROFILEDEF(.AREA.,'',#1869,139.7,38.09999999999999);
#1105=IFCPROPERTYSET('3YEBk9JTXTjellcrktpf1O',#2,'Design Options',$,(#1867,#1868));
#1108=IFCDIRECTION((0.,0.,1.));
#1109=IFCPLANE(#1873);
#1110=IFCAXIS2PLACEMENT3D(#1874,#1875,#1876);
#1111=IFCAXIS2PLACEMENT3D(#1877,#1878,#1879);
#1112=IFCPROPERTYSET('3TWnzmsn14NQEJ5u8IwgUH',#2,'Pset_BeamCommon',$,(#1880,#1881,#1882));
#1113=IFCPROPERTYSET('1xMiqvouiFTKwkWJ59B02V',#2,'Design Options',$,(#1883,#1884));
#1114=IFCRECTANGLEPROFILEDEF(.AREA.,'',#1885,139.7,38.09999999999999);
#1115=IFCAXIS2PLACEMENT3D(#1886,#1887,#1888);
#1116=IFCDIRECTION((0.,0.,1.));
#1117=IFCPLANE(#1889);
#1118=IFCAXIS2PLACEMENT3D(#1890,#1891,#1892);
#1119=IFCAXIS2PLACEMENT3D(#1893,#1894,#1895);
#1120=IFCPROPERTYSET('0Nc6B6xiFW85e0EKuGyOvR',#2,'Pset_BeamCommon',$,(#1896,#1897,#1898));
#1121=IFCPROPERTYSET('1RkTQKPVKRsCAwT4Ge5BJ2',#2,'Design Options',$,(#1899,#1900));
#1122=IFCRECTANGLEPROFILEDEF(.AREA.,'',#1901,139.7,38.09999999999999);
#1123=IFCAXIS2PLACEMENT3D(#1902,#1903,#1904);
#1124=IFCDIRECTION((0.,0.,1.));
#1125=IFCPLANE(#1905);
#1126=IFCAXIS2PLACEMENT3D(#1906,#1907,#1908);
#1127=IFCAXIS2PLACEMENT3D(#1909,#1910,#1911);
#1128=IFCPROPERTYSET('0toijYmScHDuBQTNhakMV4',#2,'Pset_BeamCommon',$,(#1912,#1913,#1914));
#1129=IFCPROPERTYSET('1_$CAPMVfwQ1ii07Rx1zdj',#2,'Design Options',$,(#1915,#1916));
#1130=IFCRECTANGLEPROFILEDEF(.AREA.,'',#1917,139.7,38.09999999999999);
#1131=IFCAXIS2PLACEMENT3D(#1918,#1919,#1920);
#1132=IFCDIRECTION((0.,0.,1.));
#1133=IFCPLANE(#1921);
#1134=IFCAXIS2PLACEMENT3D(#1922,#1923,#1924);
#1135=IFCAXIS2PLACEMENT3D(#1925,#1926,#1927);
#1136=IFCPROPERTYSET('3CI_yQKzMsmaLL5OlTirYc',#2,'Pset_BeamCommon',$,(#1928,#1929,#1930));
#1137=IFCPROPERTYSET('22RIZH_eL8FzNOSlWV1cev',#2,'Design Options',$,(#1931,#1932));
#1138=IFCCARTESIANPOINT((-69.84999999999999,0.));
#1139=IFCDIRECTION((1.,0.));
#1145=IFCAXIS2PLACEMENT3D(#1941,#1942,#1943);
#1144=IFCDIRECTION((1.,0.));
#1143=IFCCARTESIANPOINT((-69.84999999999999,0.));
#1142=IFCPROPERTYSET('1GlLMqkmQJvEdMe1gN$F1I',#2,'Design Options',$,(#1939,#1940));
#1141=IFCPROPERTYSET('0r7xJVMwt0xyv$hLOoHJhb',#2,'Pset_BeamCommon',$,(#1936,#1937,#1938));
#1140=IFCAXIS2PLACEMENT3D(#1933,#1934,#1935);
#1150=IFCAXIS2PLACEMENT3D(#1949,#1950,#1951);
#1149=IFCDIRECTION((1.,0.));
#1148=IFCCARTESIANPOINT((-69.84999999999999,0.));
#1147=IFCPROPERTYSET('2Csd$d_u9$dANuwuIF0QNq',#2,'Design Options',$,(#1947,#1948));
#1146=IFCPROPERTYSET('3otDNVpHExIWT1N7AXrSRu',#2,'Pset_BeamCommon',$,(#1944,#1945,#1946));
#1160=IFCPROPERTYSET('2vtKbPTZYukv9toqzwHMA9',#2,'Design Options',$,(#1971,#1972));
#1159=IFCPROPERTYSET('1$T6R7ZwYWWkmA5MR0hLPq',#2,'Pset_BeamCommon',$,(#1968,#1969,#1970));
#1158=IFCAXIS2PLACEMENT3D(#1965,#1966,#1967);
#1157=IFCAXIS2PLACEMENT3D(#1962,#1963,#1964);
#1156=IFCPLANE(#1961);
#1155=IFCDIRECTION((0.,0.,1.));
#1154=IFCAXIS2PLACEMENT3D(#1958,#1959,#1960);
#1153=IFCRECTANGLEPROFILEDEF(.AREA.,'',#1957,139.7,38.09999999999999);
#1152=IFCPROPERTYSET('0wB0GRmMbZixUkMIGMwcZW',#2,'Design Options',$,(#1955,#1956));
#1161=IFCRECTANGLEPROFILEDEF(.AREA.,'',#1973,139.7,38.09999999999999);
#1151=IFCPROPERTYSET('1l$uMvfZxnAucLZXb57kOi',#2,'Pset_BeamCommon',$,(#1952,#1953,#1954));
#1162=IFCAXIS2PLACEMENT3D(#1974,#1975,#1976);
#1163=IFCDIRECTION((0.,0.,1.));
#1164=IFCPLANE(#1977);
#1165=IFCAXIS2PLACEMENT3D(#1978,#1979,#1980);
#1166=IFCAXIS2PLACEMENT3D(#1981,#1982,#1983);
#1167=IFCPROPERTYSET('2vXZoCYOP5xnv4cBfyYbwS',#2,'Pset_BeamCommon',$,(#1984,#1985,#1986));
#1168=IFCPROPERTYSET('0J1ZxqqM2ws9FrKd6h5RiA',#2,'Design Options',$,(#1987,#1988));
#1183=IFCPROPERTYSET('3_83FLHnTavM2uNSYUaBGe',#2,'Pset_BeamCommon',$,(#2016,#2017,#2018));
#1182=IFCAXIS2PLACEMENT3D(#2013,#2014,#2015);
#1181=IFCAXIS2PLACEMENT3D(#2010,#2011,#2012);
#1180=IFCPLANE(#2009);
#1179=IFCDIRECTION((0.,0.,1.));
#1178=IFCAXIS2PLACEMENT3D(#2006,#2007,#2008);
#1177=IFCRECTANGLEPROFILEDEF(.AREA.,'',#2005,139.7,38.09999999999999);
#1176=IFCPROPERTYSET('2g07N1e9VH5XdRwTajAEEp',#2,'Design Options',$,(#2003,#2004));
#1175=IFCPROPERTYSET('0rWZaRSteOowkWwjsRkhbB',#2,'Pset_BeamCommon',$,(#2000,#2001,#2002));
#1174=IFCAXIS2PLACEMENT3D(#1997,#1998,#1999);
#1173=IFCAXIS2PLACEMENT3D(#1994,#1995,#1996);
#1172=IFCPLANE(#1993);
#1171=IFCDIRECTION((0.,0.,1.));
#1170=IFCAXIS2PLACEMENT3D(#1990,#1991,#1992);
#1169=IFCRECTANGLEPROFILEDEF(.AREA.,'',#1989,139.7,38.09999999999999);
#1184=IFCPROPERTYSET('0Y2KyYXUGqUdfGIjK54zlt',#2,'Design Options',$,(#2019,#2020));
#1188=IFCPLANE(#2025);
#1187=IFCDIRECTION((0.,0.,1.));
#1186=IFCAXIS2PLACEMENT3D(#2022,#2023,#2024);
#1185=IFCRECTANGLEPROFILEDEF(.AREA.,'',#2021,139.7,38.09999999999999);
#1190=IFCAXIS2PLACEMENT3D(#2029,#2030,#2031);
#1189=IFCAXIS2PLACEMENT3D(#2026,#2027,#2028);
#1193=IFCRECTANGLEPROFILEDEF(.AREA.,'',#2037,139.7,38.09999999999999);
#1192=IFCPROPERTYSET('1sItHEhp6W9lZpsQ$Tgdpi',#2,'Design Options',$,(#2035,#2036));
#1191=IFCPROPERTYSET('24f5saq60xt1gWOo_LKVT7',#2,'Pset_BeamCommon',$,(#2032,#2033,#2034));
#1194=IFCAXIS2PLACEMENT3D(#2038,#2039,#2040);
#1195=IFCDIRECTION((0.,0.,1.));
#1196=IFCPLANE(#2041);
#1197=IFCAXIS2PLACEMENT3D(#2042,#2043,#2044);
#1198=IFCAXIS2PLACEMENT3D(#2045,#2046,#2047);
#1199=IFCPROPERTYSET('3jhIvDCZGeYWMgEZ7VATad',#2,'Pset_BeamCommon',$,(#2048,#2049,#2050));
#1200=IFCPROPERTYSET('0hJ_Y149da8YnZ4QCtFhDY',#2,'Design Options',$,(#2051,#2052));
#1201=IFCCARTESIANPOINT((0.,0.,0.));
#1202=IFCDIRECTION((0.,0.,1.));
#1203=IFCDIRECTION((1.,0.,0.));
#1204=IFCAXIS2PLACEMENT2D(#2053,#2054);
#1205=IFCCARTESIANPOINT((0.,-61.96591079280601,-20.46827276804042));
#1206=IFCDIRECTION((0.,0.949539586048138,0.3136472134859971));
#1207=IFCDIRECTION((0.,-0.3136472134859971,0.949539586048138));
#1208=IFCAXIS2PLACEMENT3D(#2055,#2056,#2057);
#1209=IFCCARTESIANPOINT((0.,2990.425288191608,0.));
#1210=IFCDIRECTION((0.,-1.,0.));
#1211=IFCDIRECTION((0.,0.,-1.));
#1212=IFCCARTESIANPOINT((-126487.5972013371,70354.74702102892,0.));
#1213=IFCDIRECTION((0.,0.,1.));
#1214=IFCDIRECTION((0.7071067813523608,0.7071067810207343,0.));
#1215=IFCCLASSIFICATION('www.graphisoft.com','v 2.0','2019-03-15','Archicad Classification',$,'www.graphisoft.com',$);
#1218=IFCPROPERTYSINGLEVALUE('Reference',$,IFCIDENTIFIER('GENERIC - STRUCTURAL 38 x 140'),$);
#1217=IFCPROPERTYENUMERATEDVALUE('Status',$,(IFCLABEL('NEW')),#2058);
#1216=IFCPROPERTYSINGLEVALUE('Slope',$,IFCPLANEANGLEMEASURE(18.27916661316885),$);
#1222=IFCCARTESIANPOINT((0.,-83.49484510119548,-38.93428568715282));
#1221=IFCAXIS2PLACEMENT2D(#2059,#2060);
#1220=IFCPROPERTYSINGLEVALUE('Design Option',$,IFCLABEL('Main Model'),$);
#1223=IFCDIRECTION((0.,0.9063077870366499,0.4226182617406994));
#1219=IFCPROPERTYSINGLEVALUE('Design Option Set',$,IFCLABEL('Main Model'),$);
#1226=IFCCARTESIANPOINT((0.,887.459231615594,0.));
#1225=IFCAXIS2PLACEMENT3D(#2061,#2062,#2063);
#1224=IFCDIRECTION((0.,-0.4226182617406994,0.9063077870366499));
#1231=IFCDIRECTION((1.,0.,0.));
#1230=IFCDIRECTION((0.,0.,1.));
#1229=IFCCARTESIANPOINT((-134717.1972007533,70354.74702088883,0.));
#1228=IFCDIRECTION((0.,0.,-1.));
#1227=IFCDIRECTION((0.,-1.,0.));
#1236=IFCPROPERTYSINGLEVALUE('Design Option',$,IFCLABEL('Main Model'),$);
#1235=IFCPROPERTYSINGLEVALUE('Design Option Set',$,IFCLABEL('Main Model'),$);
#1237=IFCAXIS2PLACEMENT2D(#2064,#2065);
#1234=IFCPROPERTYSINGLEVALUE('Reference',$,IFCIDENTIFIER('GENERIC - STRUCTURAL 38 x 140'),$);
#1233=IFCPROPERTYENUMERATEDVALUE('Status',$,(IFCLABEL('NEW')),#2058);
#1232=IFCPROPERTYSINGLEVALUE('Slope',$,IFCPLANEANGLEMEASURE(25.),$);
#1246=IFCDIRECTION((0.,0.,1.));
#1247=IFCDIRECTION((0.,-1.,0.));
#1245=IFCCARTESIANPOINT((-135631.597200559,76907.94702233515,0.));
#1244=IFCDIRECTION((0.,0.,-1.));
#1243=IFCDIRECTION((0.,-1.,0.));
#1242=IFCCARTESIANPOINT((0.,1039.859231532319,0.));
#1241=IFCAXIS2PLACEMENT3D(#2066,#2067,#2068);
#1240=IFCDIRECTION((0.,-0.4226182617406994,0.9063077870366499));
#1239=IFCDIRECTION((0.,0.9063077870366499,0.4226182617406994));
#1238=IFCCARTESIANPOINT((0.,-83.49484510119548,-38.93428568715282));
#1256=IFCDIRECTION((0.,-0.4226182617406994,0.9063077870366499));
#1255=IFCDIRECTION((0.,0.9063077870366499,0.4226182617406994));
#1254=IFCCARTESIANPOINT((0.,-83.49484510119548,-38.93428568715282));
#1257=IFCAXIS2PLACEMENT3D(#2071,#2072,#2073);
#1253=IFCAXIS2PLACEMENT2D(#2069,#2070);
#1252=IFCPROPERTYSINGLEVALUE('Design Option',$,IFCLABEL('Main Model'),$);
#1251=IFCPROPERTYSINGLEVALUE('Design Option Set',$,IFCLABEL('Main Model'),$);
#1250=IFCPROPERTYSINGLEVALUE('Reference',$,IFCIDENTIFIER('GENERIC - STRUCTURAL 38 x 140'),$);
#1249=IFCPROPERTYENUMERATEDVALUE('Status',$,(IFCLABEL('NEW')),#2058);
#1248=IFCPROPERTYSINGLEVALUE('Slope',$,IFCPLANEANGLEMEASURE(25.),$);
#1258=IFCCARTESIANPOINT((0.,1649.459231246453,0.));
#1259=IFCDIRECTION((0.,-1.,0.));
#1260=IFCDIRECTION((0.,0.,-1.));
#1261=IFCCARTESIANPOINT((-135631.597200559,76298.34702233515,0.));
#1262=IFCDIRECTION((0.,0.,1.));
#1266=IFCPROPERTYSINGLEVALUE('Reference',$,IFCIDENTIFIER('GENERIC - STRUCTURAL 38 x 140'),$);
#1265=IFCPROPERTYENUMERATEDVALUE('Status',$,(IFCLABEL('NEW')),#2058);
#1264=IFCPROPERTYSINGLEVALUE('Slope',$,IFCPLANEANGLEMEASURE(25.),$);
#1263=IFCDIRECTION((0.,-1.,0.));
#1267=IFCPROPERTYSINGLEVALUE('Design Option Set',$,IFCLABEL('Main Model'),$);
#1268=IFCPROPERTYSINGLEVALUE('Design Option',$,IFCLABEL('Main Model'),$);
#1269=IFCCARTESIANPOINT((-132907.4472007533,75269.64702179334,1270.29200671404));
#1270=IFCDIRECTION((0.,0.,1.));
#1271=IFCDIRECTION((-1.,0.,0.));
#1272=IFCPROPERTYSINGLEVALUE('Slope',$,IFCPLANEANGLEMEASURE(0.),$);
#1273=IFCPROPERTYENUMERATEDVALUE('Status',$,(IFCLABEL('NEW')),#2058);
#1274=IFCPROPERTYSINGLEVALUE('Reference',$,IFCIDENTIFIER('GENERIC - STRUCTURAL 38 x 140'),$);
#1275=IFCPROPERTYSINGLEVALUE('Design Option Set',$,IFCLABEL('Main Model'),$);
#1276=IFCPROPERTYSINGLEVALUE('Design Option',$,IFCLABEL('Main Model'),$);
#1277=IFCAXIS2PLACEMENT2D(#2074,#2075);
#1278=IFCCARTESIANPOINT((0.,-83.49484510119548,-38.93428568715282));
#1279=IFCDIRECTION((0.,0.9063077870366499,0.4226182617406994));
#1280=IFCDIRECTION((0.,-0.4226182617406994,0.9063077870366499));
#1281=IFCAXIS2PLACEMENT3D(#2076,#2077,#2078);
#1286=IFCDIRECTION((0.,0.,1.));
#1285=IFCCARTESIANPOINT((-132907.4472007533,70354.74702233514,0.));
#1284=IFCDIRECTION((0.,0.,-1.));
#1283=IFCDIRECTION((0.,-1.,0.));
#1282=IFCCARTESIANPOINT((0.,2705.099999465901,0.));
#1287=IFCDIRECTION((1.,0.,0.));
#1288=IFCPROPERTYSINGLEVALUE('Slope',$,IFCPLANEANGLEMEASURE(25.),$);
#1296=IFCDIRECTION((0.,-0.4226182617406994,0.9063077870366499));
#1295=IFCDIRECTION((0.,0.9063077870366499,0.4226182617406994));
#1294=IFCCARTESIANPOINT((0.,-83.49484510119548,-38.93428568715282));
#1293=IFCAXIS2PLACEMENT2D(#2079,#2080);
#1292=IFCPROPERTYSINGLEVALUE('Design Option',$,IFCLABEL('Main Model'),$);
#1291=IFCPROPERTYSINGLEVALUE('Design Option Set',$,IFCLABEL('Main Model'),$);
#1290=IFCPROPERTYSINGLEVALUE('Reference',$,IFCIDENTIFIER('GENERIC - STRUCTURAL 38 x 140'),$);
#1289=IFCPROPERTYENUMERATEDVALUE('Status',$,(IFCLABEL('NEW')),#2058);
#1301=IFCCARTESIANPOINT((-132907.4472007533,77974.74702233516,0.));
#1300=IFCDIRECTION((0.,0.,-1.));
#1299=IFCDIRECTION((0.,-1.,0.));
#1298=IFCCARTESIANPOINT((0.,2705.100000541819,0.));
#1297=IFCAXIS2PLACEMENT3D(#2081,#2082,#2083);
#1304=IFCPROPERTYSINGLEVALUE('Slope',$,IFCPLANEANGLEMEASURE(25.),$);
#1305=IFCPROPERTYENUMERATEDVALUE('Status',$,(IFCLABEL('NEW')),#2058);
#1303=IFCDIRECTION((-1.,0.,0.));
#1302=IFCDIRECTION((0.,0.,1.));
#1306=IFCPROPERTYSINGLEVALUE('Reference',$,IFCIDENTIFIER('GENERIC - STRUCTURAL 38 x 140'),$);
#1307=IFCPROPERTYSINGLEVALUE('Design Option Set',$,IFCLABEL('Main Model'),$);
#1308=IFCPROPERTYSINGLEVALUE('Design Option',$,IFCLABEL('Main Model'),$);
#1309=IFCAXIS2PLACEMENT2D(#2084,#2085);
#1310=IFCCARTESIANPOINT((0.,-83.49484510119548,-38.93428568715282));
#1311=IFCDIRECTION((0.,0.9063077870366499,0.4226182617406994));
#1312=IFCDIRECTION((0.,-0.4226182617406994,0.9063077870366499));
#1316=IFCDIRECTION((0.,0.,-1.));
#1315=IFCDIRECTION((0.,-1.,0.));
#1314=IFCCARTESIANPOINT((0.,2114.549999805718,0.));
#1317=IFCCARTESIANPOINT((-135631.597200559,74469.54702233514,0.));
#1313=IFCAXIS2PLACEMENT3D(#2086,#2087,#2088);
#1318=IFCDIRECTION((0.,0.,1.));
#1319=IFCDIRECTION((0.,-1.,0.));
#1320=IFCPROPERTYSINGLEVALUE('Slope',$,IFCPLANEANGLEMEASURE(25.),$);
#1321=IFCPROPERTYENUMERATEDVALUE('Status',$,(IFCLABEL('NEW')),#2058);
#1322=IFCPROPERTYSINGLEVALUE('Reference',$,IFCIDENTIFIER('GENERIC - STRUCTURAL 38 x 140'),$);
#1332=IFCDIRECTION((0.,0.,-1.));
#1331=IFCDIRECTION((0.,-1.,0.));
#1330=IFCCARTESIANPOINT((0.,887.4592314755176,0.));
#1329=IFCAXIS2PLACEMENT3D(#2091,#2092,#2093);
#1328=IFCDIRECTION((0.,-0.4226182617406994,0.9063077870366499));
#1327=IFCDIRECTION((0.,0.9063077870366499,0.4226182617406994));
#1326=IFCCARTESIANPOINT((0.,-83.49484510119548,-38.93428568715282));
#1325=IFCAXIS2PLACEMENT2D(#2089,#2090);
#1324=IFCPROPERTYSINGLEVALUE('Design Option',$,IFCLABEL('Main Model'),$);
#1323=IFCPROPERTYSINGLEVALUE('Design Option Set',$,IFCLABEL('Main Model'),$);
#1339=IFCPROPERTYSINGLEVALUE('Design Option Set',$,IFCLABEL('Main Model'),$);
#1338=IFCPROPERTYSINGLEVALUE('Reference',$,IFCIDENTIFIER('GENERIC - STRUCTURAL 38 x 140'),$);
#1337=IFCPROPERTYENUMERATEDVALUE('Status',$,(IFCLABEL('NEW')),#2058);
#1336=IFCPROPERTYSINGLEVALUE('Slope',$,IFCPLANEANGLEMEASURE(25.),$);
#1340=IFCPROPERTYSINGLEVALUE('Design Option',$,IFCLABEL('Main Model'),$);
#1335=IFCDIRECTION((-1.,0.,0.));
#1334=IFCDIRECTION((0.,0.,1.));
#1333=IFCCARTESIANPOINT((-134717.1972007533,77974.74702233516,0.));
#1348=IFCDIRECTION((0.,0.,-1.));
#1349=IFCCARTESIANPOINT((-135631.597200559,73250.34702233515,0.));
#1347=IFCDIRECTION((0.,-1.,0.));
#1346=IFCCARTESIANPOINT((0.,2114.549999805718,0.));
#1345=IFCAXIS2PLACEMENT3D(#2096,#2097,#2098);
#1344=IFCDIRECTION((0.,-0.4226182617406994,0.9063077870366499));
#1343=IFCDIRECTION((0.,0.9063077870366499,0.4226182617406994));
#1342=IFCCARTESIANPOINT((0.,-83.49484510119548,-38.93428568715282));
#1341=IFCAXIS2PLACEMENT2D(#2094,#2095);
#1355=IFCPROPERTYSINGLEVALUE('Design Option Set',$,IFCLABEL('Main Model'),$);
#1354=IFCPROPERTYSINGLEVALUE('Reference',$,IFCIDENTIFIER('GENERIC - STRUCTURAL 38 x 140'),$);
#1353=IFCPROPERTYENUMERATEDVALUE('Status',$,(IFCLABEL('NEW')),#2058);
#1352=IFCPROPERTYSINGLEVALUE('Slope',$,IFCPLANEANGLEMEASURE(25.),$);
#1351=IFCDIRECTION((0.,-1.,0.));
#1350=IFCDIRECTION((0.,0.,1.));
#1359=IFCDIRECTION((0.,0.9063077870366499,0.4226182617406994));
#1358=IFCCARTESIANPOINT((0.,-83.49484510119548,-38.93428568715282));
#1357=IFCAXIS2PLACEMENT2D(#2099,#2100);
#1356=IFCPROPERTYSINGLEVALUE('Design Option',$,IFCLABEL('Main Model'),$);
#1367=IFCDIRECTION((1.,0.,0.));
#1366=IFCDIRECTION((0.,0.,1.));
#1365=IFCCARTESIANPOINT((-132278.7972007533,70354.74702233514,0.));
#1364=IFCDIRECTION((0.,0.,-1.));
#1363=IFCDIRECTION((0.,-1.,0.));
#1362=IFCCARTESIANPOINT((0.,3333.749999477448,0.));
#1361=IFCAXIS2PLACEMENT3D(#2101,#2102,#2103);
#1360=IFCDIRECTION((0.,-0.4226182617406994,0.9063077870366499));
#1370=IFCPROPERTYSINGLEVALUE('Reference',$,IFCIDENTIFIER('GENERIC - STRUCTURAL 38 x 140'),$);
#1369=IFCPROPERTYENUMERATEDVALUE('Status',$,(IFCLABEL('NEW')),#2058);
#1368=IFCPROPERTYSINGLEVALUE('Slope',$,IFCPLANEANGLEMEASURE(25.),$);
#1371=IFCPROPERTYSINGLEVALUE('Design Option Set',$,IFCLABEL('Main Model'),$);
#1372=IFCPROPERTYSINGLEVALUE('Design Option',$,IFCLABEL('Main Model'),$);
#1373=IFCCARTESIANPOINT((-133497.9972007533,75860.19702192728,994.9140191855391));
#1374=IFCDIRECTION((0.,0.,1.));
#1375=IFCDIRECTION((-1.,0.,0.));
#1385=IFCAXIS2PLACEMENT3D(#2106,#2107,#2108);
#1384=IFCDIRECTION((0.,-0.4226182617406994,0.9063077870366499));
#1383=IFCDIRECTION((0.,0.9063077870366499,0.4226182617406994));
#1382=IFCCARTESIANPOINT((0.,-83.49484510119548,-38.93428568715282));
#1381=IFCAXIS2PLACEMENT2D(#2104,#2105);
#1380=IFCPROPERTYSINGLEVALUE('Design Option',$,IFCLABEL('Main Model'),$);
#1379=IFCPROPERTYSINGLEVALUE('Design Option Set',$,IFCLABEL('Main Model'),$);
#1378=IFCPROPERTYSINGLEVALUE('Reference',$,IFCIDENTIFIER('GENERIC - STRUCTURAL 38 x 140'),$);
#1377=IFCPROPERTYENUMERATEDVALUE('Status',$,(IFCLABEL('NEW')),#2058);
#1376=IFCPROPERTYSINGLEVALUE('Slope',$,IFCPLANEANGLEMEASURE(0.),$);
#1388=IFCDIRECTION((0.,0.,-1.));
#1389=IFCCARTESIANPOINT((-135631.597200559,73859.94702233515,0.));
#1387=IFCDIRECTION((0.,-1.,0.));
#1386=IFCCARTESIANPOINT((0.,2114.549999805718,0.));
#1391=IFCDIRECTION((0.,-1.,0.));
#1390=IFCDIRECTION((0.,0.,1.));
#1392=IFCPROPERTYSINGLEVALUE('Slope',$,IFCPLANEANGLEMEASURE(25.),$);
#1393=IFCPROPERTYENUMERATEDVALUE('Status',$,(IFCLABEL('NEW')),#2058);
#1397=IFCAXIS2PLACEMENT2D(#2109,#2110);
#1396=IFCPROPERTYSINGLEVALUE('Design Option',$,IFCLABEL('Main Model'),$);
#1395=IFCPROPERTYSINGLEVALUE('Design Option Set',$,IFCLABEL('Main Model'),$);
#1394=IFCPROPERTYSINGLEVALUE('Reference',$,IFCIDENTIFIER('GENERIC - STRUCTURAL 38 x 140'),$);
#1398=IFCCARTESIANPOINT((0.,-83.49484510119548,-38.93428568715282));
#1399=IFCDIRECTION((0.,0.9063077870366499,0.4226182617406994));
#1402=IFCCARTESIANPOINT((0.,1497.059231761398,0.));
#1401=IFCAXIS2PLACEMENT3D(#2111,#2112,#2113);
#1400=IFCDIRECTION((0.,-0.4226182617406994,0.9063077870366499));
#1410=IFCPROPERTYSINGLEVALUE('Reference',$,IFCIDENTIFIER('GENERIC - STRUCTURAL 38 x 140'),$);
#1409=IFCPROPERTYENUMERATEDVALUE('Status',$,(IFCLABEL('NEW')),#2058);
#1408=IFCPROPERTYSINGLEVALUE('Slope',$,IFCPLANEANGLEMEASURE(25.),$);
#1407=IFCDIRECTION((-1.,0.,0.));
#1406=IFCDIRECTION((0.,0.,1.));
#1405=IFCCARTESIANPOINT((-134107.5972007533,77974.74702233516,0.));
#1404=IFCDIRECTION((0.,0.,-1.));
#1403=IFCDIRECTION((0.,-1.,0.));
#1411=IFCPROPERTYSINGLEVALUE('Design Option Set',$,IFCLABEL('Main Model'),$);
#1412=IFCPROPERTYSINGLEVALUE('Design Option',$,IFCLABEL('Main Model'),$);
#1413=IFCAXIS2PLACEMENT2D(#2114,#2115);
#1414=IFCCARTESIANPOINT((0.,-83.49484510119548,-38.93428568715282));
#1415=IFCDIRECTION((0.,0.9063077870366499,0.4226182617406994));
#1416=IFCDIRECTION((0.,-0.4226182617406994,0.9063077870366499));
#1417=IFCAXIS2PLACEMENT3D(#2116,#2117,#2118);
#1418=IFCCARTESIANPOINT((0.,3333.750000684418,0.));
#1419=IFCDIRECTION((0.,-1.,0.));
#1420=IFCDIRECTION((0.,0.,-1.));
#1421=IFCCARTESIANPOINT((-132278.7972007533,77974.74702233516,0.));
#1425=IFCPROPERTYENUMERATEDVALUE('Status',$,(IFCLABEL('NEW')),#2058);
#1424=IFCPROPERTYSINGLEVALUE('Slope',$,IFCPLANEANGLEMEASURE(25.),$);
#1423=IFCDIRECTION((-1.,0.,0.));
#1422=IFCDIRECTION((0.,0.,1.));
#1426=IFCPROPERTYSINGLEVALUE('Reference',$,IFCIDENTIFIER('GENERIC - STRUCTURAL 38 x 140'),$);
#1429=IFCAXIS2PLACEMENT2D(#2119,#2120);
#1428=IFCPROPERTYSINGLEVALUE('Design Option',$,IFCLABEL('Main Model'),$);
#1427=IFCPROPERTYSINGLEVALUE('Design Option Set',$,IFCLABEL('Main Model'),$);
#1432=IFCDIRECTION((0.,-0.4226182617406994,0.9063077870366499));
#1431=IFCDIRECTION((0.,0.9063077870366499,0.4226182617406994));
#1430=IFCCARTESIANPOINT((0.,-83.49484510119548,-38.93428568715282));
#1433=IFCAXIS2PLACEMENT3D(#2121,#2122,#2123);
#1434=IFCCARTESIANPOINT((0.,2114.549999455036,0.));
#1435=IFCDIRECTION((0.,-1.,0.));
#1436=IFCDIRECTION((0.,0.,-1.));
#1437=IFCCARTESIANPOINT((-133497.9972007533,70354.74702233514,0.));
#1438=IFCDIRECTION((0.,0.,1.));
#1439=IFCDIRECTION((1.,0.,0.));
#1440=IFCPROPERTYSINGLEVALUE('Slope',$,IFCPLANEANGLEMEASURE(25.),$);
#1441=IFCPROPERTYENUMERATEDVALUE('Status',$,(IFCLABEL('NEW')),#2058);
#1442=IFCPROPERTYSINGLEVALUE('Reference',$,IFCIDENTIFIER('GENERIC - STRUCTURAL 38 x 140'),$);
#1443=IFCPROPERTYSINGLEVALUE('Design Option Set',$,IFCLABEL('Main Model'),$);
#1444=IFCPROPERTYSINGLEVALUE('Design Option',$,IFCLABEL('Main Model'),$);
#1450=IFCCARTESIANPOINT((0.,3809.99999933988,0.));
#1448=IFCDIRECTION((0.,-0.4226182617406994,0.9063077870366499));
#1447=IFCDIRECTION((0.,0.9063077870366499,0.4226182617406994));
#1446=IFCCARTESIANPOINT((0.,-83.49484510119548,-38.93428568715282));
#1451=IFCDIRECTION((0.,-1.,0.));
#1445=IFCAXIS2PLACEMENT2D(#2124,#2125);
#1452=IFCDIRECTION((0.,0.,-1.));
#1453=IFCCARTESIANPOINT((-131669.1972007533,70354.74702233514,0.));
#1468=IFCDIRECTION((0.,0.,-1.));
#1467=IFCDIRECTION((0.,-1.,0.));
#1466=IFCCARTESIANPOINT((0.,2114.550000407874,0.));
#1465=IFCAXIS2PLACEMENT3D(#2129,#2130,#2133);
#1449=IFCAXIS2PLACEMENT3D(#2128,#2131,#2132);
#1464=IFCDIRECTION((0.,-0.4226182617406994,0.9063077870366499));
#1463=IFCDIRECTION((0.,0.9063077870366499,0.4226182617406994));
#1462=IFCCARTESIANPOINT((0.,-83.49484510119548,-38.93428568715282));
#1461=IFCAXIS2PLACEMENT2D(#2126,#2127);
#1460=IFCPROPERTYSINGLEVALUE('Design Option',$,IFCLABEL('Main Model'),$);
#1459=IFCPROPERTYSINGLEVALUE('Design Option Set',$,IFCLABEL('Main Model'),$);
#1458=IFCPROPERTYSINGLEVALUE('Reference',$,IFCIDENTIFIER('GENERIC - STRUCTURAL 38 x 140'),$);
#1457=IFCPROPERTYENUMERATEDVALUE('Status',$,(IFCLABEL('NEW')),#2058);
#1456=IFCPROPERTYSINGLEVALUE('Slope',$,IFCPLANEANGLEMEASURE(25.),$);
#1455=IFCDIRECTION((1.,0.,0.));
#1454=IFCDIRECTION((0.,0.,1.));
#1472=IFCPROPERTYSINGLEVALUE('Slope',$,IFCPLANEANGLEMEASURE(25.),$);
#1471=IFCDIRECTION((-1.,0.,0.));
#1470=IFCDIRECTION((0.,0.,1.));
#1469=IFCCARTESIANPOINT((-133497.9972007533,77974.74702233516,0.));
#1475=IFCPROPERTYSINGLEVALUE('Design Option Set',$,IFCLABEL('Main Model'),$);
#1473=IFCPROPERTYENUMERATEDVALUE('Status',$,(IFCLABEL('NEW')),#2058);
#1477=IFCCARTESIANPOINT((-132278.7972007533,74640.99702165074,1563.436316018564));
#1476=IFCPROPERTYSINGLEVALUE('Design Option',$,IFCLABEL('Main Model'),$);
#1491=IFCDIRECTION((0.,-1.,0.));
#1490=IFCCARTESIANPOINT((0.,1649.459232552687,0.));
#1489=IFCAXIS2PLACEMENT3D(#2136,#2137,#2138);
#1488=IFCDIRECTION((0.,-0.4226182617406994,0.9063077870366499));
#1487=IFCDIRECTION((0.,0.9063077870366499,0.4226182617406994));
#1486=IFCCARTESIANPOINT((0.,-83.49484510119548,-38.93428568715282));
#1485=IFCAXIS2PLACEMENT2D(#2134,#2135);
#1484=IFCPROPERTYSINGLEVALUE('Design Option',$,IFCLABEL('Main Model'),$);
#1474=IFCPROPERTYSINGLEVALUE('Reference',$,IFCIDENTIFIER('GENERIC - STRUCTURAL 38 x 140'),$);
#1483=IFCPROPERTYSINGLEVALUE('Design Option Set',$,IFCLABEL('Main Model'),$);
#1482=IFCPROPERTYSINGLEVALUE('Reference',$,IFCIDENTIFIER('GENERIC - STRUCTURAL 38 x 140'),$);
#1481=IFCPROPERTYENUMERATEDVALUE('Status',$,(IFCLABEL('NEW')),#2058);
#1480=IFCPROPERTYSINGLEVALUE('Slope',$,IFCPLANEANGLEMEASURE(0.),$);
#1479=IFCDIRECTION((-1.,0.,0.));
#1478=IFCDIRECTION((0.,0.,1.));
#1493=IFCCARTESIANPOINT((-135631.597200559,72031.14702233515,0.));
#1495=IFCDIRECTION((0.,-1.,0.));
#1494=IFCDIRECTION((0.,0.,1.));
#1492=IFCDIRECTION((0.,0.,-1.));
#1497=IFCPROPERTYENUMERATEDVALUE('Status',$,(IFCLABEL('NEW')),#2058);
#1496=IFCPROPERTYSINGLEVALUE('Slope',$,IFCPLANEANGLEMEASURE(25.),$);
#1512=IFCPROPERTYSINGLEVALUE('Slope',$,IFCPLANEANGLEMEASURE(25.),$);
#1513=IFCPROPERTYENUMERATEDVALUE('Status',$,(IFCLABEL('NEW')),#2058);
#1511=IFCDIRECTION((0.,-1.,0.));
#1510=IFCDIRECTION((0.,0.,1.));
#1509=IFCCARTESIANPOINT((-135631.597200559,71421.54702233514,0.));
#1508=IFCDIRECTION((0.,0.,-1.));
#1507=IFCDIRECTION((0.,-1.,0.));
#1514=IFCPROPERTYSINGLEVALUE('Reference',$,IFCIDENTIFIER('GENERIC - STRUCTURAL 38 x 140'),$);
#1506=IFCCARTESIANPOINT((0.,1039.859232838609,0.));
#1505=IFCAXIS2PLACEMENT3D(#2141,#2142,#2143);
#1504=IFCDIRECTION((0.,-0.4226182617406994,0.9063077870366499));
#1503=IFCDIRECTION((0.,0.9063077870366499,0.4226182617406994));
#1502=IFCCARTESIANPOINT((0.,-83.49484510119548,-38.93428568715282));
#1499=IFCPROPERTYSINGLEVALUE('Design Option Set',$,IFCLABEL('Main Model'),$);
#1515=IFCPROPERTYSINGLEVALUE('Design Option Set',$,IFCLABEL('Main Model'),$);
#1516=IFCPROPERTYSINGLEVALUE('Design Option',$,IFCLABEL('Main Model'),$);
#1501=IFCAXIS2PLACEMENT2D(#2139,#2140);
#1500=IFCPROPERTYSINGLEVALUE('Design Option',$,IFCLABEL('Main Model'),$);
#1498=IFCPROPERTYSINGLEVALUE('Reference',$,IFCIDENTIFIER('GENERIC - STRUCTURAL 38 x 140'),$);
#1517=IFCAXIS2PLACEMENT2D(#2144,#2145);
#1524=IFCDIRECTION((0.,0.,-1.));
#1525=IFCCARTESIANPOINT((-135631.597200559,72640.74702233514,0.));
#1526=IFCDIRECTION((0.,0.,1.));
#1523=IFCDIRECTION((0.,-1.,0.));
#1522=IFCCARTESIANPOINT((0.,2114.549999805718,0.));
#1520=IFCDIRECTION((0.,-0.4226182617406994,0.9063077870366499));
#1521=IFCAXIS2PLACEMENT3D(#2146,#2147,#2148);
#1519=IFCDIRECTION((0.,0.9063077870366499,0.4226182617406994));
#1518=IFCCARTESIANPOINT((0.,-83.49484510119548,-38.93428568715282));
#1537=IFCAXIS2PLACEMENT3D(#2151,#2152,#2153);
#1536=IFCDIRECTION((0.,-0.4226182617406994,0.9063077870366499));
#1535=IFCDIRECTION((0.,0.9063077870366499,0.4226182617406994));
#1534=IFCCARTESIANPOINT((0.,-83.49484510119548,-38.93428568715282));
#1533=IFCAXIS2PLACEMENT2D(#2149,#2150);
#1532=IFCPROPERTYSINGLEVALUE('Design Option',$,IFCLABEL('Main Model'),$);
#1539=IFCDIRECTION((0.,-1.,0.));
#1538=IFCCARTESIANPOINT((0.,3810.00000075818,0.));
#1531=IFCPROPERTYSINGLEVALUE('Design Option Set',$,IFCLABEL('Main Model'),$);
#1530=IFCPROPERTYSINGLEVALUE('Reference',$,IFCIDENTIFIER('GENERIC - STRUCTURAL 38 x 140'),$);
#1529=IFCPROPERTYENUMERATEDVALUE('Status',$,(IFCLABEL('NEW')),#2058);
#1528=IFCPROPERTYSINGLEVALUE('Slope',$,IFCPLANEANGLEMEASURE(25.),$);
#1527=IFCDIRECTION((0.,-1.,0.));
#1540=IFCDIRECTION((0.,0.,-1.));
#1541=IFCCARTESIANPOINT((-131059.5972007533,77974.74702233516,0.));
#1542=IFCDIRECTION((0.,0.,1.));
#1543=IFCDIRECTION((-1.,0.,0.));
#1544=IFCPROPERTYSINGLEVALUE('Slope',$,IFCPLANEANGLEMEASURE(25.),$);
#1545=IFCPROPERTYENUMERATEDVALUE('Status',$,(IFCLABEL('NEW')),#2058);
#1547=IFCPROPERTYSINGLEVALUE('Design Option Set',$,IFCLABEL('Main Model'),$);
#1561=IFCPROPERTYENUMERATEDVALUE('Status',$,(IFCLABEL('NEW')),#2058);
#1562=IFCPROPERTYSINGLEVALUE('Reference',$,IFCIDENTIFIER('GENERIC - STRUCTURAL 38 x 140'),$);
#1560=IFCPROPERTYSINGLEVALUE('Slope',$,IFCPLANEANGLEMEASURE(25.),$);
#1559=IFCDIRECTION((1.,0.,0.));
#1557=IFCCARTESIANPOINT((-131059.5972007533,70354.74702233514,0.));
#1558=IFCDIRECTION((0.,0.,1.));
#1556=IFCDIRECTION((0.,0.,-1.));
#1555=IFCDIRECTION((0.,-1.,0.));
#1554=IFCCARTESIANPOINT((0.,3809.999999241825,0.));
#1553=IFCAXIS2PLACEMENT3D(#2156,#2157,#2158);
#1552=IFCDIRECTION((0.,-0.4226182617406994,0.9063077870366499));
#1551=IFCDIRECTION((0.,0.9063077870366499,0.4226182617406994));
#1550=IFCCARTESIANPOINT((0.,-83.49484510119548,-38.93428568715282));
#1549=IFCAXIS2PLACEMENT2D(#2154,#2155);
#1564=IFCPROPERTYSINGLEVALUE('Design Option',$,IFCLABEL('Main Model'),$);
#1548=IFCPROPERTYSINGLEVALUE('Design Option',$,IFCLABEL('Main Model'),$);
#1565=IFCAXIS2PLACEMENT2D(#2159,#2160);
#1563=IFCPROPERTYSINGLEVALUE('Design Option Set',$,IFCLABEL('Main Model'),$);
#1546=IFCPROPERTYSINGLEVALUE('Reference',$,IFCIDENTIFIER('GENERIC - STRUCTURAL 38 x 140'),$);
#1567=IFCDIRECTION((0.,0.9063077870366499,0.4226182617406994));
#1568=IFCDIRECTION((0.,-0.4226182617406994,0.9063077870366499));
#1566=IFCCARTESIANPOINT((0.,-83.49484510119548,-38.93428568715282));
#1569=IFCAXIS2PLACEMENT3D(#2161,#2162,#2163);
#1570=IFCCARTESIANPOINT((0.,3810.000000660125,0.));
#1571=IFCDIRECTION((0.,-1.,0.));
#1572=IFCDIRECTION((0.,0.,-1.));
#1573=IFCCARTESIANPOINT((-131669.1972007533,77974.74702233516,0.));
#1574=IFCDIRECTION((0.,0.,1.));
#1575=IFCDIRECTION((-1.,0.,0.));
#1576=IFCPROPERTYSINGLEVALUE('Slope',$,IFCPLANEANGLEMEASURE(25.),$);
#1577=IFCPROPERTYENUMERATEDVALUE('Status',$,(IFCLABEL('NEW')),#2058);
#1578=IFCPROPERTYSINGLEVALUE('Reference',$,IFCIDENTIFIER('GENERIC - STRUCTURAL 38 x 140'),$);
#1579=IFCPROPERTYSINGLEVALUE('Design Option Set',$,IFCLABEL('Main Model'),$);
#1580=IFCPROPERTYSINGLEVALUE('Design Option',$,IFCLABEL('Main Model'),$);
#1581=IFCAXIS2PLACEMENT2D(#2164,#2165);
#1582=IFCCARTESIANPOINT((0.,-83.49484510119548,-38.93428568715282));
#1583=IFCDIRECTION((0.,0.9063077870366499,0.4226182617406994));
#1584=IFCDIRECTION((0.,-0.4226182617406994,0.9063077870366499));
#1585=IFCAXIS2PLACEMENT3D(#2166,#2167,#2168);
#1586=IFCCARTESIANPOINT((0.,2114.549999805718,0.));
#1587=IFCDIRECTION((0.,-1.,0.));
#1588=IFCDIRECTION((0.,0.,-1.));
#1589=IFCCARTESIANPOINT((-135631.597200559,75079.14702233515,0.));
#1590=IFCDIRECTION((0.,0.,1.));
#1591=IFCDIRECTION((0.,-1.,0.));
#1592=IFCPROPERTYSINGLEVALUE('Slope',$,IFCPLANEANGLEMEASURE(25.),$);
#1593=IFCPROPERTYENUMERATEDVALUE('Status',$,(IFCLABEL('NEW')),#2058);
#1603=IFCDIRECTION((0.,-1.,0.));
#1604=IFCDIRECTION((0.,0.,-1.));
#1602=IFCCARTESIANPOINT((0.,2114.549999805718,0.));
#1601=IFCAXIS2PLACEMENT3D(#2171,#2172,#2173);
#1600=IFCDIRECTION((0.,-0.4226182617406994,0.9063077870366499));
#1605=IFCCARTESIANPOINT((-135631.597200559,75688.74702233516,0.));
#1599=IFCDIRECTION((0.,0.9063077870366499,0.4226182617406994));
#1598=IFCCARTESIANPOINT((0.,-83.49484510119548,-38.93428568715282));
#1597=IFCAXIS2PLACEMENT2D(#2169,#2170);
#1596=IFCPROPERTYSINGLEVALUE('Design Option',$,IFCLABEL('Main Model'),$);
#1595=IFCPROPERTYSINGLEVALUE('Design Option Set',$,IFCLABEL('Main Model'),$);
#1594=IFCPROPERTYSINGLEVALUE('Reference',$,IFCIDENTIFIER('GENERIC - STRUCTURAL 38 x 140'),$);
#1612=IFCPROPERTYSINGLEVALUE('Design Option',$,IFCLABEL('Main Model'),$);
#1611=IFCPROPERTYSINGLEVALUE('Design Option Set',$,IFCLABEL('Main Model'),$);
#1610=IFCPROPERTYSINGLEVALUE('Reference',$,IFCIDENTIFIER('GENERIC - STRUCTURAL 38 x 140'),$);
#1609=IFCPROPERTYENUMERATEDVALUE('Status',$,(IFCLABEL('NEW')),#2058);
#1608=IFCPROPERTYSINGLEVALUE('Slope',$,IFCPLANEANGLEMEASURE(25.),$);
#1606=IFCDIRECTION((0.,0.,1.));
#1607=IFCDIRECTION((0.,-1.,0.));
#1613=IFCAXIS2PLACEMENT2D(#2174,#2175);
#1615=IFCDIRECTION((0.,0.9063077870366499,0.4226182617406994));
#1614=IFCCARTESIANPOINT((0.,-83.49484510119548,-38.93428568715282));
#1616=IFCDIRECTION((0.,-0.4226182617406994,0.9063077870366499));
#1627=IFCPROPERTYSINGLEVALUE('Design Option Set',$,IFCLABEL('Main Model'),$);
#1626=IFCPROPERTYSINGLEVALUE('Reference',$,IFCIDENTIFIER('GENERIC - STRUCTURAL 38 x 140'),$);
#1625=IFCPROPERTYENUMERATEDVALUE('Status',$,(IFCLABEL('NEW')),#2058);
#1624=IFCPROPERTYSINGLEVALUE('Slope',$,IFCPLANEANGLEMEASURE(25.),$);
#1623=IFCDIRECTION((1.,0.,0.));
#1621=IFCCARTESIANPOINT((-134107.5972007533,70354.74702088883,0.));
#1622=IFCDIRECTION((0.,0.,1.));
#1620=IFCDIRECTION((0.,0.,-1.));
#1619=IFCDIRECTION((0.,-1.,0.));
#1618=IFCCARTESIANPOINT((0.,1497.059231901488,0.));
#1617=IFCAXIS2PLACEMENT3D(#2176,#2177,#2178);
#1639=IFCDIRECTION((-0.7071067813523584,-0.7071067810207367,0.));
#1637=IFCCARTESIANPOINT((-135631.5972001694,77974.74702233516,0.));
#1640=IFCPROPERTYSINGLEVALUE('Slope',$,IFCPLANEANGLEMEASURE(18.27916661316885),$);
#1638=IFCDIRECTION((0.,0.,1.));
#1636=IFCDIRECTION((0.,0.,-1.));
#1635=IFCDIRECTION((0.,-1.,0.));
#1634=IFCCARTESIANPOINT((0.,2990.425288191598,0.));
#1633=IFCAXIS2PLACEMENT3D(#2181,#2182,#2183);
#1632=IFCDIRECTION((0.,-0.3136472134859971,0.949539586048138));
#1631=IFCDIRECTION((0.,0.949539586048138,0.3136472134859971));
#1630=IFCCARTESIANPOINT((0.,-61.96591079280601,-20.46827276804042));
#1628=IFCPROPERTYSINGLEVALUE('Design Option',$,IFCLABEL('Main Model'),$);
#1629=IFCAXIS2PLACEMENT2D(#2179,#2180);
#1641=IFCPROPERTYENUMERATEDVALUE('Status',$,(IFCLABEL('NEW')),#2058);
#1642=IFCPROPERTYSINGLEVALUE('Reference',$,IFCIDENTIFIER('GENERIC - STRUCTURAL 38 x 140'),$);
#1643=IFCPROPERTYSINGLEVALUE('Design Option Set',$,IFCLABEL('Main Model'),$);
#1644=IFCPROPERTYSINGLEVALUE('Design Option',$,IFCLABEL('Main Model'),$);
#1645=IFCAXIS2PLACEMENT2D(#2184,#2185);
#1646=IFCCARTESIANPOINT((0.,-61.96591079280601,-20.46827276804042));
#1648=IFCDIRECTION((0.,-0.3136472134859971,0.949539586048138));
#1647=IFCDIRECTION((0.,0.949539586048138,0.3136472134859971));
#1650=IFCCARTESIANPOINT((0.,2990.425288191608,0.));
#1651=IFCDIRECTION((0.,-1.,0.));
#1649=IFCAXIS2PLACEMENT3D(#2186,#2187,#2188);
#1653=IFCCARTESIANPOINT((-135631.5972001694,70354.74702102892,0.));
#1652=IFCDIRECTION((0.,0.,-1.));
#1654=IFCDIRECTION((0.,0.,1.));
#1655=IFCDIRECTION((0.7071067813523608,-0.7071067810207343,0.));
#1656=IFCPROPERTYSINGLEVALUE('Slope',$,IFCPLANEANGLEMEASURE(18.27916661316885),$);
#1657=IFCPROPERTYENUMERATEDVALUE('Status',$,(IFCLABEL('NEW')),#2058);
#1659=IFCPROPERTYSINGLEVALUE('Design Option Set',$,IFCLABEL('Main Model'),$);
#1660=IFCPROPERTYSINGLEVALUE('Design Option',$,IFCLABEL('Main Model'),$);
#1658=IFCPROPERTYSINGLEVALUE('Reference',$,IFCIDENTIFIER('GENERIC - STRUCTURAL 38 x 140'),$);
#1662=IFCCARTESIANPOINT((0.,-83.49484510119548,-38.93428568715282));
#1661=IFCAXIS2PLACEMENT2D(#2189,#2190);
#1664=IFCDIRECTION((0.,-0.4226182617406994,0.9063077870366499));
#1665=IFCAXIS2PLACEMENT3D(#2191,#2192,#2193);
#1663=IFCDIRECTION((0.,0.9063077870366499,0.4226182617406994));
#1666=IFCCARTESIANPOINT((0.,2114.549999805718,0.));
#1667=IFCDIRECTION((0.,-1.,0.));
#1668=IFCDIRECTION((0.,0.,-1.));
#1669=IFCCARTESIANPOINT((-126487.5972009476,74469.54702233514,0.));
#1670=IFCDIRECTION((0.,0.,1.));
#1671=IFCDIRECTION((0.,1.,0.));
#1672=IFCPROPERTYSINGLEVALUE('Slope',$,IFCPLANEANGLEMEASURE(25.),$);
#1687=IFCDIRECTION((-1.,0.,0.));
#1688=IFCPROPERTYSINGLEVALUE('Slope',$,IFCPLANEANGLEMEASURE(25.),$);
#1686=IFCDIRECTION((0.,0.,1.));
#1685=IFCCARTESIANPOINT((-130449.9972007533,77974.74702233516,0.));
#1684=IFCDIRECTION((0.,0.,-1.));
#1683=IFCDIRECTION((0.,-1.,0.));
#1682=IFCCARTESIANPOINT((0.,3810.000000660125,0.));
#1681=IFCAXIS2PLACEMENT3D(#2196,#2197,#2198);
#1680=IFCDIRECTION((0.,-0.4226182617406994,0.9063077870366499));
#1679=IFCDIRECTION((0.,0.9063077870366499,0.4226182617406994));
#1678=IFCCARTESIANPOINT((0.,-83.49484510119548,-38.93428568715282));
#1676=IFCPROPERTYSINGLEVALUE('Design Option',$,IFCLABEL('Main Model'),$);
#1677=IFCAXIS2PLACEMENT2D(#2194,#2195);
#1675=IFCPROPERTYSINGLEVALUE('Design Option Set',$,IFCLABEL('Main Model'),$);
#1674=IFCPROPERTYSINGLEVALUE('Reference',$,IFCIDENTIFIER('GENERIC - STRUCTURAL 38 x 140'),$);
#1673=IFCPROPERTYENUMERATEDVALUE('Status',$,(IFCLABEL('NEW')),#2058);
#1689=IFCPROPERTYENUMERATEDVALUE('Status',$,(IFCLABEL('NEW')),#2058);
#1691=IFCPROPERTYSINGLEVALUE('Design Option Set',$,IFCLABEL('Main Model'),$);
#1690=IFCPROPERTYSINGLEVALUE('Reference',$,IFCIDENTIFIER('GENERIC - STRUCTURAL 38 x 140'),$);
#1693=IFCAXIS2PLACEMENT2D(#2199,#2200);
#1692=IFCPROPERTYSINGLEVALUE('Design Option',$,IFCLABEL('Main Model'),$);
#1694=IFCCARTESIANPOINT((0.,-83.49484510119548,-38.93428568715282));
#1695=IFCDIRECTION((0.,0.9063077870366499,0.4226182617406994));
#1696=IFCDIRECTION((0.,-0.4226182617406994,0.9063077870366499));
#1697=IFCAXIS2PLACEMENT3D(#2201,#2202,#2203);
#1699=IFCDIRECTION((0.,-1.,0.));
#1698=IFCCARTESIANPOINT((0.,3809.99999933988,0.));
#1700=IFCDIRECTION((0.,0.,-1.));
#1712=IFCDIRECTION((0.,-0.4226182617406994,0.9063077870366499));
#1711=IFCDIRECTION((0.,0.9063077870366499,0.4226182617406994));
#1709=IFCAXIS2PLACEMENT2D(#2204,#2205);
#1710=IFCCARTESIANPOINT((0.,-83.49484510119548,-38.93428568715282));
#1708=IFCPROPERTYSINGLEVALUE('Design Option',$,IFCLABEL('Main Model'),$);
#1707=IFCPROPERTYSINGLEVALUE('Design Option Set',$,IFCLABEL('Main Model'),$);
#1706=IFCPROPERTYSINGLEVALUE('Reference',$,IFCIDENTIFIER('GENERIC - STRUCTURAL 38 x 140'),$);
#1704=IFCPROPERTYSINGLEVALUE('Slope',$,IFCPLANEANGLEMEASURE(25.),$);
#1705=IFCPROPERTYENUMERATEDVALUE('Status',$,(IFCLABEL('NEW')),#2058);
#1703=IFCDIRECTION((1.,0.,0.));
#1701=IFCCARTESIANPOINT((-130449.9972007533,70354.74702233514,0.));
#1702=IFCDIRECTION((0.,0.,1.));
#1713=IFCAXIS2PLACEMENT3D(#2206,#2207,#2208);
#1714=IFCCARTESIANPOINT((0.,3333.750000684418,0.));
#1715=IFCDIRECTION((0.,-1.,0.));
#1716=IFCDIRECTION((0.,0.,-1.));
#1717=IFCCARTESIANPOINT((-129840.3972007533,77974.74702233516,0.));
#1718=IFCDIRECTION((0.,0.,1.));
#1719=IFCDIRECTION((-1.,0.,0.));
#1720=IFCPROPERTYSINGLEVALUE('Slope',$,IFCPLANEANGLEMEASURE(25.),$);
#1721=IFCPROPERTYENUMERATEDVALUE('Status',$,(IFCLABEL('NEW')),#2058);
#1722=IFCPROPERTYSINGLEVALUE('Reference',$,IFCIDENTIFIER('GENERIC - STRUCTURAL 38 x 140'),$);
#1724=IFCPROPERTYSINGLEVALUE('Design Option',$,IFCLABEL('Main Model'),$);
#1723=IFCPROPERTYSINGLEVALUE('Design Option Set',$,IFCLABEL('Main Model'),$);
#1725=IFCAXIS2PLACEMENT2D(#2209,#2210);
#1726=IFCCARTESIANPOINT((0.,-83.49484510119548,-38.93428568715282));
#1727=IFCDIRECTION((0.,0.9063077870366499,0.4226182617406994));
#1729=IFCAXIS2PLACEMENT3D(#2211,#2212,#2213);
#1728=IFCDIRECTION((0.,-0.4226182617406994,0.9063077870366499));
#1732=IFCDIRECTION((0.,0.,-1.));
#1731=IFCDIRECTION((0.,-1.,0.));
#1733=IFCCARTESIANPOINT((-129840.3972007533,70354.74702233514,0.));
#1730=IFCCARTESIANPOINT((0.,3333.749999477448,0.));
#1735=IFCDIRECTION((1.,0.,0.));
#1734=IFCDIRECTION((0.,0.,1.));
#1750=IFCDIRECTION((0.,0.,1.));
#1749=IFCCARTESIANPOINT((-129211.7472007533,77974.74702233516,0.));
#1748=IFCDIRECTION((0.,0.,-1.));
#1746=IFCCARTESIANPOINT((0.,2705.100000541819,0.));
#1747=IFCDIRECTION((0.,-1.,0.));
#1745=IFCAXIS2PLACEMENT3D(#2216,#2217,#2218);
#1744=IFCDIRECTION((0.,-0.4226182617406994,0.9063077870366499));
#1743=IFCDIRECTION((0.,0.9063077870366499,0.4226182617406994));
#1742=IFCCARTESIANPOINT((0.,-83.49484510119548,-38.93428568715282));
#1740=IFCPROPERTYSINGLEVALUE('Design Option',$,IFCLABEL('Main Model'),$);
#1741=IFCAXIS2PLACEMENT2D(#2214,#2215);
#1738=IFCPROPERTYSINGLEVALUE('Reference',$,IFCIDENTIFIER('GENERIC - STRUCTURAL 38 x 140'),$);
#1739=IFCPROPERTYSINGLEVALUE('Design Option Set',$,IFCLABEL('Main Model'),$);
#1737=IFCPROPERTYENUMERATEDVALUE('Status',$,(IFCLABEL('NEW')),#2058);
#1736=IFCPROPERTYSINGLEVALUE('Slope',$,IFCPLANEANGLEMEASURE(25.),$);
#1759=IFCDIRECTION((0.,0.9063077870366499,0.4226182617406994));
#1760=IFCDIRECTION((0.,-0.4226182617406994,0.9063077870366499));
#1758=IFCCARTESIANPOINT((0.,-83.49484510119548,-38.93428568715282));
#1756=IFCPROPERTYSINGLEVALUE('Design Option',$,IFCLABEL('Main Model'),$);
#1757=IFCAXIS2PLACEMENT2D(#2219,#2220);
#1754=IFCPROPERTYSINGLEVALUE('Reference',$,IFCIDENTIFIER('GENERIC - STRUCTURAL 38 x 140'),$);
#1755=IFCPROPERTYSINGLEVALUE('Design Option Set',$,IFCLABEL('Main Model'),$);
#1753=IFCPROPERTYENUMERATEDVALUE('Status',$,(IFCLABEL('NEW')),#2058);
#1751=IFCDIRECTION((-1.,0.,0.));
#1752=IFCPROPERTYSINGLEVALUE('Slope',$,IFCPLANEANGLEMEASURE(25.),$);
#1766=IFCDIRECTION((0.,0.,1.));
#1765=IFCCARTESIANPOINT((-129211.7472007533,70354.74702233514,0.));
#1764=IFCDIRECTION((0.,0.,-1.));
#1763=IFCDIRECTION((0.,-1.,0.));
#1762=IFCCARTESIANPOINT((0.,2705.099999465901,0.));
#1761=IFCAXIS2PLACEMENT3D(#2221,#2222,#2223);
#1767=IFCDIRECTION((1.,0.,0.));
#1768=IFCPROPERTYSINGLEVALUE('Slope',$,IFCPLANEANGLEMEASURE(25.),$);
#1770=IFCPROPERTYSINGLEVALUE('Reference',$,IFCIDENTIFIER('GENERIC - STRUCTURAL 38 x 140'),$);
#1771=IFCPROPERTYSINGLEVALUE('Design Option Set',$,IFCLABEL('Main Model'),$);
#1769=IFCPROPERTYENUMERATEDVALUE('Status',$,(IFCLABEL('NEW')),#2058);
#1773=IFCAXIS2PLACEMENT2D(#2224,#2225);
#1774=IFCCARTESIANPOINT((0.,-83.49484510119548,-38.93428568715282));
#1772=IFCPROPERTYSINGLEVALUE('Design Option',$,IFCLABEL('Main Model'),$);
#1775=IFCDIRECTION((0.,0.9063077870366499,0.4226182617406994));
#1776=IFCDIRECTION((0.,-0.4226182617406994,0.9063077870366499));
#1777=IFCAXIS2PLACEMENT3D(#2226,#2227,#2228);
#1779=IFCDIRECTION((0.,-1.,0.));
#1787=IFCPROPERTYSINGLEVALUE('Design Option Set',$,IFCLABEL('Main Model'),$);
#1786=IFCPROPERTYSINGLEVALUE('Reference',$,IFCIDENTIFIER('GENERIC - STRUCTURAL 38 x 140'),$);
#1785=IFCPROPERTYENUMERATEDVALUE('Status',$,(IFCLABEL('NEW')),#2058);
#1784=IFCPROPERTYSINGLEVALUE('Slope',$,IFCPLANEANGLEMEASURE(25.),$);
#1783=IFCDIRECTION((-1.,0.,0.));
#1782=IFCDIRECTION((0.,0.,1.));
#1781=IFCCARTESIANPOINT((-128621.1972007533,77974.74702233516,0.));
#1778=IFCCARTESIANPOINT((0.,2114.550000407874,0.));
#1789=IFCAXIS2PLACEMENT2D(#2229,#2230);
#1780=IFCDIRECTION((0.,0.,-1.));
#1788=IFCPROPERTYSINGLEVALUE('Design Option',$,IFCLABEL('Main Model'),$);
#1790=IFCCARTESIANPOINT((0.,-83.49484510119548,-38.93428568715282));
#1791=IFCDIRECTION((0.,0.9063077870366499,0.4226182617406994));
#1792=IFCDIRECTION((0.,-0.4226182617406994,0.9063077870366499));
#1793=IFCAXIS2PLACEMENT3D(#2231,#2232,#2233);
#1794=IFCCARTESIANPOINT((0.,2114.549999455036,0.));
#1795=IFCDIRECTION((0.,-1.,0.));
#1797=IFCCARTESIANPOINT((-128621.1972007533,70354.74702233514,0.));
#1798=IFCDIRECTION((0.,0.,1.));
#1799=IFCDIRECTION((1.,0.,0.));
#1796=IFCDIRECTION((0.,0.,-1.));
#1800=IFCPROPERTYSINGLEVALUE('Slope',$,IFCPLANEANGLEMEASURE(25.),$);
#1802=IFCPROPERTYSINGLEVALUE('Reference',$,IFCIDENTIFIER('GENERIC - STRUCTURAL 38 x 140'),$);
#1801=IFCPROPERTYENUMERATEDVALUE('Status',$,(IFCLABEL('NEW')),#2058);
#1804=IFCPROPERTYSINGLEVALUE('Design Option',$,IFCLABEL('Main Model'),$);
#1803=IFCPROPERTYSINGLEVALUE('Design Option Set',$,IFCLABEL('Main Model'),$);
#1805=IFCAXIS2PLACEMENT2D(#2234,#2235);
#1806=IFCCARTESIANPOINT((0.,-83.49484510119548,-38.93428568715282));
#1807=IFCDIRECTION((0.,0.9063077870366499,0.4226182617406994));
#1808=IFCDIRECTION((0.,-0.4226182617406994,0.9063077870366499));
#1809=IFCAXIS2PLACEMENT3D(#2236,#2237,#2238);
#1811=IFCDIRECTION((0.,-1.,0.));
#1810=IFCCARTESIANPOINT((0.,1497.059231761398,0.));
#1812=IFCDIRECTION((0.,0.,-1.));
#1814=IFCDIRECTION((0.,0.,1.));
#1815=IFCDIRECTION((-1.,0.,0.));
#1816=IFCPROPERTYSINGLEVALUE('Slope',$,IFCPLANEANGLEMEASURE(25.),$);
#1813=IFCCARTESIANPOINT((-128011.5972007533,77974.74702233516,0.));
#1817=IFCPROPERTYENUMERATEDVALUE('Status',$,(IFCLABEL('NEW')),#2058);
#1818=IFCPROPERTYSINGLEVALUE('Reference',$,IFCIDENTIFIER('GENERIC - STRUCTURAL 38 x 140'),$);
#1819=IFCPROPERTYSINGLEVALUE('Design Option Set',$,IFCLABEL('Main Model'),$);
#1820=IFCPROPERTYSINGLEVALUE('Design Option',$,IFCLABEL('Main Model'),$);
#1821=IFCAXIS2PLACEMENT2D(#2239,#2240);
#1822=IFCCARTESIANPOINT((0.,-83.49484510119548,-38.93428568715282));
#1823=IFCDIRECTION((0.,0.9063077870366499,0.4226182617406994));
#1824=IFCDIRECTION((0.,-0.4226182617406994,0.9063077870366499));
#1825=IFCAXIS2PLACEMENT3D(#2241,#2242,#2243);
#1827=IFCDIRECTION((0.,-1.,0.));
#1826=IFCCARTESIANPOINT((0.,887.4592314755176,0.));
#1828=IFCDIRECTION((0.,0.,-1.));
#1829=IFCCARTESIANPOINT((-127401.9972007533,77974.74702233516,0.));
#1830=IFCDIRECTION((0.,0.,1.));
#1831=IFCDIRECTION((-1.,0.,0.));
#1832=IFCPROPERTYSINGLEVALUE('Slope',$,IFCPLANEANGLEMEASURE(25.),$);
#1833=IFCPROPERTYENUMERATEDVALUE('Status',$,(IFCLABEL('NEW')),#2058);
#1834=IFCPROPERTYSINGLEVALUE('Reference',$,IFCIDENTIFIER('GENERIC - STRUCTURAL 38 x 140'),$);
#1835=IFCPROPERTYSINGLEVALUE('Design Option Set',$,IFCLABEL('Main Model'),$);
#1836=IFCPROPERTYSINGLEVALUE('Design Option',$,IFCLABEL('Main Model'),$);
#1837=IFCAXIS2PLACEMENT2D(#2244,#2245);
#1839=IFCDIRECTION((0.,0.9063077870366499,0.4226182617406994));
#1840=IFCDIRECTION((0.,-0.4226182617406994,0.9063077870366499));
#1838=IFCCARTESIANPOINT((0.,-83.49484510119548,-38.93428568715282));
#1842=IFCCARTESIANPOINT((0.,2114.549999805718,0.));
#1854=IFCCARTESIANPOINT((0.,-83.49484510119548,-38.93428568715282));
#1855=IFCDIRECTION((0.,0.9063077870366499,0.4226182617406994));
#1852=IFCPROPERTYSINGLEVALUE('Design Option',$,IFCLABEL('Main Model'),$);
#1853=IFCAXIS2PLACEMENT2D(#2249,#2250);
#1851=IFCPROPERTYSINGLEVALUE('Design Option Set',$,IFCLABEL('Main Model'),$);
#1850=IFCPROPERTYSINGLEVALUE('Reference',$,IFCIDENTIFIER('GENERIC - STRUCTURAL 38 x 140'),$);
#1849=IFCPROPERTYENUMERATEDVALUE('Status',$,(IFCLABEL('NEW')),#2058);
#1848=IFCPROPERTYSINGLEVALUE('Slope',$,IFCPLANEANGLEMEASURE(25.),$);
#1847=IFCDIRECTION((0.,1.,0.));
#1846=IFCDIRECTION((0.,0.,1.));
#1845=IFCCARTESIANPOINT((-126487.5972009476,75079.14702233515,0.));
#1844=IFCDIRECTION((0.,0.,-1.));
#1843=IFCDIRECTION((0.,-1.,0.));
#1841=IFCAXIS2PLACEMENT3D(#2246,#2247,#2248);
#1856=IFCDIRECTION((0.,-0.4226182617406994,0.9063077870366499));
#1857=IFCAXIS2PLACEMENT3D(#2251,#2252,#2253);
#1858=IFCCARTESIANPOINT((0.,2114.549999805718,0.));
#1859=IFCDIRECTION((0.,-1.,0.));
#1860=IFCDIRECTION((0.,0.,-1.));
#1861=IFCCARTESIANPOINT((-126487.5972009476,75688.74702233516,0.));
#1862=IFCDIRECTION((0.,0.,1.));
#1863=IFCDIRECTION((0.,1.,0.));
#1864=IFCPROPERTYSINGLEVALUE('Slope',$,IFCPLANEANGLEMEASURE(25.),$);
#1865=IFCPROPERTYENUMERATEDVALUE('Status',$,(IFCLABEL('NEW')),#2058);
#1866=IFCPROPERTYSINGLEVALUE('Reference',$,IFCIDENTIFIER('GENERIC - STRUCTURAL 38 x 140'),$);
#1867=IFCPROPERTYSINGLEVALUE('Design Option Set',$,IFCLABEL('Main Model'),$);
#1868=IFCPROPERTYSINGLEVALUE('Design Option',$,IFCLABEL('Main Model'),$);
#1869=IFCAXIS2PLACEMENT2D(#2254,#2255);
#1871=IFCDIRECTION((0.,0.9063077870366499,0.4226182617406994));
#1870=IFCCARTESIANPOINT((0.,-83.49484510119548,-38.93428568715282));
#1873=IFCAXIS2PLACEMENT3D(#2256,#2257,#2258);
#1872=IFCDIRECTION((0.,-0.4226182617406994,0.9063077870366499));
#1875=IFCDIRECTION((0.,-1.,0.));
#1874=IFCCARTESIANPOINT((0.,1649.459231246453,0.));
#1877=IFCCARTESIANPOINT((-126487.5972009476,76298.34702233515,0.));
#1876=IFCDIRECTION((0.,0.,-1.));
#1878=IFCDIRECTION((0.,0.,1.));
#1880=IFCPROPERTYSINGLEVALUE('Slope',$,IFCPLANEANGLEMEASURE(25.),$);
#1879=IFCDIRECTION((0.,1.,0.));
#1881=IFCPROPERTYENUMERATEDVALUE('Status',$,(IFCLABEL('NEW')),#2058);
#1882=IFCPROPERTYSINGLEVALUE('Reference',$,IFCIDENTIFIER('GENERIC - STRUCTURAL 38 x 140'),$);
#1884=IFCPROPERTYSINGLEVALUE('Design Option',$,IFCLABEL('Main Model'),$);
#1883=IFCPROPERTYSINGLEVALUE('Design Option Set',$,IFCLABEL('Main Model'),$);
#1885=IFCAXIS2PLACEMENT2D(#2259,#2260);
#1886=IFCCARTESIANPOINT((0.,-83.49484510119548,-38.93428568715282));
#1887=IFCDIRECTION((0.,0.9063077870366499,0.4226182617406994));
#1888=IFCDIRECTION((0.,-0.4226182617406994,0.9063077870366499));
#1889=IFCAXIS2PLACEMENT3D(#2261,#2262,#2263);
#1890=IFCCARTESIANPOINT((0.,1039.859231532319,0.));
#1891=IFCDIRECTION((0.,-1.,0.));
#1893=IFCCARTESIANPOINT((-126487.5972009476,76907.94702233515,0.));
#1892=IFCDIRECTION((0.,0.,-1.));
#1904=IFCDIRECTION((0.,-0.4226182617406994,0.9063077870366499));
#1905=IFCAXIS2PLACEMENT3D(#2266,#2267,#2268);
#1903=IFCDIRECTION((0.,0.9063077870366499,0.4226182617406994));
#1902=IFCCARTESIANPOINT((0.,-83.49484510119548,-38.93428568715282));
#1901=IFCAXIS2PLACEMENT2D(#2264,#2265);
#1900=IFCPROPERTYSINGLEVALUE('Design Option',$,IFCLABEL('Main Model'),$);
#1899=IFCPROPERTYSINGLEVALUE('Design Option Set',$,IFCLABEL('Main Model'),$);
#1898=IFCPROPERTYSINGLEVALUE('Reference',$,IFCIDENTIFIER('GENERIC - STRUCTURAL 38 x 140'),$);
#1897=IFCPROPERTYENUMERATEDVALUE('Status',$,(IFCLABEL('NEW')),#2058);
#1896=IFCPROPERTYSINGLEVALUE('Slope',$,IFCPLANEANGLEMEASURE(25.),$);
#1895=IFCDIRECTION((0.,1.,0.));
#1894=IFCDIRECTION((0.,0.,1.));
#1907=IFCDIRECTION((0.,-1.,0.));
#1906=IFCCARTESIANPOINT((0.,2114.549999805718,0.));
#1909=IFCCARTESIANPOINT((-126487.5972009476,73859.94702233515,0.));
#1908=IFCDIRECTION((0.,0.,-1.));
#1910=IFCDIRECTION((0.,0.,1.));
#1911=IFCDIRECTION((0.,1.,0.));
#1912=IFCPROPERTYSINGLEVALUE('Slope',$,IFCPLANEANGLEMEASURE(25.),$);
#1913=IFCPROPERTYENUMERATEDVALUE('Status',$,(IFCLABEL('NEW')),#2058);
#1914=IFCPROPERTYSINGLEVALUE('Reference',$,IFCIDENTIFIER('GENERIC - STRUCTURAL 38 x 140'),$);
#1915=IFCPROPERTYSINGLEVALUE('Design Option Set',$,IFCLABEL('Main Model'),$);
#1916=IFCPROPERTYSINGLEVALUE('Design Option',$,IFCLABEL('Main Model'),$);
#1917=IFCAXIS2PLACEMENT2D(#2269,#2270);
#1918=IFCCARTESIANPOINT((0.,-83.49484510119548,-38.93428568715282));
#1919=IFCDIRECTION((0.,0.9063077870366499,0.4226182617406994));
#1920=IFCDIRECTION((0.,-0.4226182617406994,0.9063077870366499));
#1926=IFCDIRECTION((0.,0.,1.));
#1928=IFCPROPERTYSINGLEVALUE('Slope',$,IFCPLANEANGLEMEASURE(25.),$);
#1927=IFCDIRECTION((0.,1.,0.));
#1925=IFCCARTESIANPOINT((-126487.5972009476,73250.34702233515,0.));
#1924=IFCDIRECTION((0.,0.,-1.));
#1922=IFCCARTESIANPOINT((0.,2114.549999805718,0.));
#1923=IFCDIRECTION((0.,-1.,0.));
#1921=IFCAXIS2PLACEMENT3D(#2271,#2272,#2273);
#1929=IFCPROPERTYENUMERATEDVALUE('Status',$,(IFCLABEL('NEW')),#2058);
#1930=IFCPROPERTYSINGLEVALUE('Reference',$,IFCIDENTIFIER('GENERIC - STRUCTURAL 38 x 140'),$);
#1932=IFCPROPERTYSINGLEVALUE('Design Option',$,IFCLABEL('Main Model'),$);
#1931=IFCPROPERTYSINGLEVALUE('Design Option Set',$,IFCLABEL('Main Model'),$);
#1933=IFCCARTESIANPOINT((-128621.1972007533,75860.19702192728,994.9140191855391));
#1934=IFCDIRECTION((0.,0.,1.));
#1940=IFCPROPERTYSINGLEVALUE('Design Option',$,IFCLABEL('Main Model'),$);
#1939=IFCPROPERTYSINGLEVALUE('Design Option Set',$,IFCLABEL('Main Model'),$);
#1938=IFCPROPERTYSINGLEVALUE('Reference',$,IFCIDENTIFIER('GENERIC - STRUCTURAL 38 x 140'),$);
#1937=IFCPROPERTYENUMERATEDVALUE('Status',$,(IFCLABEL('NEW')),#2058);
#1936=IFCPROPERTYSINGLEVALUE('Slope',$,IFCPLANEANGLEMEASURE(0.),$);
#1942=IFCDIRECTION((0.,0.,1.));
#1935=IFCDIRECTION((-1.,0.,0.));
#1951=IFCDIRECTION((-1.,0.,0.));
#1949=IFCCARTESIANPOINT((-129840.3972007533,74640.99702165074,1563.436316018564));
#1950=IFCDIRECTION((0.,0.,1.));
#1948=IFCPROPERTYSINGLEVALUE('Design Option',$,IFCLABEL('Main Model'),$);
#1946=IFCPROPERTYSINGLEVALUE('Reference',$,IFCIDENTIFIER('GENERIC - STRUCTURAL 38 x 140'),$);
#1947=IFCPROPERTYSINGLEVALUE('Design Option Set',$,IFCLABEL('Main Model'),$);
#1945=IFCPROPERTYENUMERATEDVALUE('Status',$,(IFCLABEL('NEW')),#2058);
#1944=IFCPROPERTYSINGLEVALUE('Slope',$,IFCPLANEANGLEMEASURE(0.),$);
#1943=IFCDIRECTION((-1.,0.,0.));
#1941=IFCCARTESIANPOINT((-129211.7472007533,75269.64702179334,1270.29200671404));
#1952=IFCPROPERTYSINGLEVALUE('Slope',$,IFCPLANEANGLEMEASURE(0.),$);
#1954=IFCPROPERTYSINGLEVALUE('Reference',$,IFCIDENTIFIER('GENERIC - STRUCTURAL 38 x 140'),$);
#1953=IFCPROPERTYENUMERATEDVALUE('Status',$,(IFCLABEL('NEW')),#2058);
#1955=IFCPROPERTYSINGLEVALUE('Design Option Set',$,IFCLABEL('Main Model'),$);
#1957=IFCAXIS2PLACEMENT2D(#2274,#2275);
#1956=IFCPROPERTYSINGLEVALUE('Design Option',$,IFCLABEL('Main Model'),$);
#1960=IFCDIRECTION((0.,-0.4226182617406994,0.9063077870366499));
#1959=IFCDIRECTION((0.,0.9063077870366499,0.4226182617406994));
#1958=IFCCARTESIANPOINT((0.,-83.49484510119548,-38.93428568715282));
#1961=IFCAXIS2PLACEMENT3D(#2276,#2277,#2278);
#1963=IFCDIRECTION((0.,-1.,0.));
#1962=IFCCARTESIANPOINT((0.,1649.459232552687,0.));
#1964=IFCDIRECTION((0.,0.,-1.));
#1965=IFCCARTESIANPOINT((-126487.5972009476,72031.14702233515,0.));
#1966=IFCDIRECTION((0.,0.,1.));
#1967=IFCDIRECTION((0.,1.,0.));
#1968=IFCPROPERTYSINGLEVALUE('Slope',$,IFCPLANEANGLEMEASURE(25.),$);
#1970=IFCPROPERTYSINGLEVALUE('Reference',$,IFCIDENTIFIER('GENERIC - STRUCTURAL 38 x 140'),$);
#1969=IFCPROPERTYENUMERATEDVALUE('Status',$,(IFCLABEL('NEW')),#2058);
#1976=IFCDIRECTION((0.,-0.4226182617406994,0.9063077870366499));
#1971=IFCPROPERTYSINGLEVALUE('Design Option Set',$,IFCLABEL('Main Model'),$);
#1975=IFCDIRECTION((0.,0.9063077870366499,0.4226182617406994));
#1974=IFCCARTESIANPOINT((0.,-83.49484510119548,-38.93428568715282));
#1973=IFCAXIS2PLACEMENT2D(#2279,#2280);
#1972=IFCPROPERTYSINGLEVALUE('Design Option',$,IFCLABEL('Main Model'),$);
#1983=IFCDIRECTION((0.,1.,0.));
#1985=IFCPROPERTYENUMERATEDVALUE('Status',$,(IFCLABEL('NEW')),#2058);
#1984=IFCPROPERTYSINGLEVALUE('Slope',$,IFCPLANEANGLEMEASURE(25.),$);
#1981=IFCCARTESIANPOINT((-126487.5972009476,71421.54702233514,0.));
#1982=IFCDIRECTION((0.,0.,1.));
#1980=IFCDIRECTION((0.,0.,-1.));
#1979=IFCDIRECTION((0.,-1.,0.));
#1978=IFCCARTESIANPOINT((0.,1039.859232838609,0.));
#1977=IFCAXIS2PLACEMENT3D(#2281,#2282,#2283);
#2000=IFCPROPERTYSINGLEVALUE('Slope',$,IFCPLANEANGLEMEASURE(25.),$);
#1999=IFCDIRECTION((0.,1.,0.));
#1997=IFCCARTESIANPOINT((-126487.5972009476,72640.74702233514,0.));
#1998=IFCDIRECTION((0.,0.,1.));
#1996=IFCDIRECTION((0.,0.,-1.));
#1995=IFCDIRECTION((0.,-1.,0.));
#1994=IFCCARTESIANPOINT((0.,2114.549999805718,0.));
#1993=IFCAXIS2PLACEMENT3D(#2286,#2287,#2288);
#1992=IFCDIRECTION((0.,-0.4226182617406994,0.9063077870366499));
#1991=IFCDIRECTION((0.,0.9063077870366499,0.4226182617406994));
#1990=IFCCARTESIANPOINT((0.,-83.49484510119548,-38.93428568715282));
#1988=IFCPROPERTYSINGLEVALUE('Design Option',$,IFCLABEL('Main Model'),$);
#1989=IFCAXIS2PLACEMENT2D(#2284,#2285);
#1987=IFCPROPERTYSINGLEVALUE('Design Option Set',$,IFCLABEL('Main Model'),$);
#1986=IFCPROPERTYSINGLEVALUE('Reference',$,IFCIDENTIFIER('GENERIC - STRUCTURAL 38 x 140'),$);
#2002=IFCPROPERTYSINGLEVALUE('Reference',$,IFCIDENTIFIER('GENERIC - STRUCTURAL 38 x 140'),$);
#2001=IFCPROPERTYENUMERATEDVALUE('Status',$,(IFCLABEL('NEW')),#2058);
#2006=IFCCARTESIANPOINT((0.,-83.49484510119548,-38.93428568715282));
#2005=IFCAXIS2PLACEMENT2D(#2289,#2290);
#2004=IFCPROPERTYSINGLEVALUE('Design Option',$,IFCLABEL('Main Model'),$);
#2003=IFCPROPERTYSINGLEVALUE('Design Option Set',$,IFCLABEL('Main Model'),$);
#2017=IFCPROPERTYENUMERATEDVALUE('Status',$,(IFCLABEL('NEW')),#2058);
#2016=IFCPROPERTYSINGLEVALUE('Slope',$,IFCPLANEANGLEMEASURE(25.),$);
#2015=IFCDIRECTION((1.,0.,0.));
#2014=IFCDIRECTION((0.,0.,1.));
#2013=IFCCARTESIANPOINT((-128011.5972007533,70354.74702088883,0.));
#2012=IFCDIRECTION((0.,0.,-1.));
#2011=IFCDIRECTION((0.,-1.,0.));
#2009=IFCAXIS2PLACEMENT3D(#2291,#2292,#2293);
#2010=IFCCARTESIANPOINT((0.,1497.059231901488,0.));
#2008=IFCDIRECTION((0.,-0.4226182617406994,0.9063077870366499));
#2031=IFCDIRECTION((1.,0.,0.));
#2032=IFCPROPERTYSINGLEVALUE('Slope',$,IFCPLANEANGLEMEASURE(25.),$);
#2029=IFCCARTESIANPOINT((-127401.9972007533,70354.74702088883,0.));
#2030=IFCDIRECTION((0.,0.,1.));
#2028=IFCDIRECTION((0.,0.,-1.));
#2027=IFCDIRECTION((0.,-1.,0.));
#2026=IFCCARTESIANPOINT((0.,887.459231615594,0.));
#2025=IFCAXIS2PLACEMENT3D(#2296,#2297,#2298);
#2024=IFCDIRECTION((0.,-0.4226182617406994,0.9063077870366499));
#2022=IFCCARTESIANPOINT((0.,-83.49484510119548,-38.93428568715282));
#2023=IFCDIRECTION((0.,0.9063077870366499,0.4226182617406994));
#2021=IFCAXIS2PLACEMENT2D(#2294,#2295);
#2020=IFCPROPERTYSINGLEVALUE('Design Option',$,IFCLABEL('Main Model'),$);
#2019=IFCPROPERTYSINGLEVALUE('Design Option Set',$,IFCLABEL('Main Model'),$);
#2018=IFCPROPERTYSINGLEVALUE('Reference',$,IFCIDENTIFIER('GENERIC - STRUCTURAL 38 x 140'),$);
#2007=IFCDIRECTION((0.,0.9063077870366499,0.4226182617406994));
#2033=IFCPROPERTYENUMERATEDVALUE('Status',$,(IFCLABEL('NEW')),#2058);
#2037=IFCAXIS2PLACEMENT2D(#2299,#2300);
#2036=IFCPROPERTYSINGLEVALUE('Design Option',$,IFCLABEL('Main Model'),$);
#2035=IFCPROPERTYSINGLEVALUE('Design Option Set',$,IFCLABEL('Main Model'),$);
#2034=IFCPROPERTYSINGLEVALUE('Reference',$,IFCIDENTIFIER('GENERIC - STRUCTURAL 38 x 140'),$);
#2042=IFCCARTESIANPOINT((0.,2990.425288191598,0.));
#2041=IFCAXIS2PLACEMENT3D(#2301,#2302,#2303);
#2040=IFCDIRECTION((0.,-0.3136472134859971,0.949539586048138));
#2039=IFCDIRECTION((0.,0.949539586048138,0.3136472134859971));
#2038=IFCCARTESIANPOINT((0.,-61.96591079280601,-20.46827276804042));
#2050=IFCPROPERTYSINGLEVALUE('Reference',$,IFCIDENTIFIER('GENERIC - STRUCTURAL 38 x 140'),$);
#2049=IFCPROPERTYENUMERATEDVALUE('Status',$,(IFCLABEL('NEW')),#2058);
#2048=IFCPROPERTYSINGLEVALUE('Slope',$,IFCPLANEANGLEMEASURE(18.27916661316885),$);
#2047=IFCDIRECTION((-0.7071067813523584,0.7071067810207367,0.));
#2045=IFCCARTESIANPOINT((-126487.5972013371,77974.74702233516,0.));
#2052=IFCPROPERTYSINGLEVALUE('Design Option',$,IFCLABEL('Main Model'),$);
#2051=IFCPROPERTYSINGLEVALUE('Design Option Set',$,IFCLABEL('Main Model'),$);
#2046=IFCDIRECTION((0.,0.,1.));
#2043=IFCDIRECTION((0.,-1.,0.));
#2044=IFCDIRECTION((0.,0.,-1.));
#2053=IFCCARTESIANPOINT((-69.84999999999999,0.));
#2055=IFCCARTESIANPOINT((0.,0.,0.));
#2054=IFCDIRECTION((1.,0.));
#2056=IFCDIRECTION((0.,1.,0.));
#2057=IFCDIRECTION((0.,0.,1.));
#2059=IFCCARTESIANPOINT((-69.84999999999999,0.));
#2060=IFCDIRECTION((1.,0.));
#2061=IFCCARTESIANPOINT((0.,0.,0.));
#2062=IFCDIRECTION((0.,1.,0.));
#2063=IFCDIRECTION((0.,0.,1.));
#2064=IFCCARTESIANPOINT((-69.84999999999999,0.));
#2065=IFCDIRECTION((1.,0.));
#2066=IFCCARTESIANPOINT((0.,0.,0.));
#2067=IFCDIRECTION((0.,1.,0.));
#2068=IFCDIRECTION((0.,0.,1.));
#2058=IFCPROPERTYENUMERATION('PEnum_ElementStatus',(IFCLABEL('NEW'),IFCLABEL('EXISTING'),IFCLABEL('DEMOLISH'),IFCLABEL('TEMPORARY'),IFCLABEL('OTHER'),IFCLABEL('NOTKNOWN'),IFCLABEL('UNSET')),$);
#2070=IFCDIRECTION((1.,0.));
#2069=IFCCARTESIANPOINT((-69.84999999999999,0.));
#2071=IFCCARTESIANPOINT((0.,0.,0.));
#2073=IFCDIRECTION((0.,0.,1.));
#2072=IFCDIRECTION((0.,1.,0.));
#2075=IFCDIRECTION((1.,0.));
#2074=IFCCARTESIANPOINT((-69.84999999999999,0.));
#2077=IFCDIRECTION((0.,1.,0.));
#2076=IFCCARTESIANPOINT((0.,0.,0.));
#2085=IFCDIRECTION((1.,0.));
#2084=IFCCARTESIANPOINT((-69.84999999999999,0.));
#2083=IFCDIRECTION((0.,0.,1.));
#2082=IFCDIRECTION((0.,1.,0.));
#2081=IFCCARTESIANPOINT((0.,0.,0.));
#2080=IFCDIRECTION((1.,0.));
#2078=IFCDIRECTION((0.,0.,1.));
#2079=IFCCARTESIANPOINT((-69.84999999999999,0.));
#2086=IFCCARTESIANPOINT((0.,0.,0.));
#2087=IFCDIRECTION((0.,1.,0.));
#2089=IFCCARTESIANPOINT((-69.84999999999999,0.));
#2088=IFCDIRECTION((0.,0.,1.));
#2093=IFCDIRECTION((0.,0.,1.));
#2092=IFCDIRECTION((0.,1.,0.));
#2091=IFCCARTESIANPOINT((0.,0.,0.));
#2090=IFCDIRECTION((1.,0.));
#2095=IFCDIRECTION((1.,0.));
#2094=IFCCARTESIANPOINT((-69.84999999999999,0.));
#2102=IFCDIRECTION((0.,1.,0.));
#2104=IFCCARTESIANPOINT((-69.84999999999999,0.));
#2103=IFCDIRECTION((0.,0.,1.));
#2101=IFCCARTESIANPOINT((0.,0.,0.));
#2100=IFCDIRECTION((1.,0.));
#2099=IFCCARTESIANPOINT((-69.84999999999999,0.));
#2098=IFCDIRECTION((0.,0.,1.));
#2097=IFCDIRECTION((0.,1.,0.));
#2106=IFCCARTESIANPOINT((0.,0.,0.));
#2105=IFCDIRECTION((1.,0.));
#2096=IFCCARTESIANPOINT((0.,0.,0.));
#2121=IFCCARTESIANPOINT((0.,0.,0.));
#2123=IFCDIRECTION((0.,0.,1.));
#2120=IFCDIRECTION((1.,0.));
#2119=IFCCARTESIANPOINT((-69.84999999999999,0.));
#2118=IFCDIRECTION((0.,0.,1.));
#2117=IFCDIRECTION((0.,1.,0.));
#2116=IFCCARTESIANPOINT((0.,0.,0.));
#2115=IFCDIRECTION((1.,0.));
#2114=IFCCARTESIANPOINT((-69.84999999999999,0.));
#2113=IFCDIRECTION((0.,0.,1.));
#2112=IFCDIRECTION((0.,1.,0.));
#2111=IFCCARTESIANPOINT((0.,0.,0.));
#2110=IFCDIRECTION((1.,0.));
#2109=IFCCARTESIANPOINT((-69.84999999999999,0.));
#2108=IFCDIRECTION((0.,0.,1.));
#2107=IFCDIRECTION((0.,1.,0.));
#2122=IFCDIRECTION((0.,1.,0.));
#2124=IFCCARTESIANPOINT((-69.84999999999999,0.));
#2125=IFCDIRECTION((1.,0.));
#2126=IFCCARTESIANPOINT((-69.84999999999999,0.));
#2128=IFCCARTESIANPOINT((0.,0.,0.));
#2127=IFCDIRECTION((1.,0.));
#2130=IFCDIRECTION((0.,1.,0.));
#2144=IFCCARTESIANPOINT((-69.84999999999999,0.));
#2143=IFCDIRECTION((0.,0.,1.));
#2142=IFCDIRECTION((0.,1.,0.));
#2141=IFCCARTESIANPOINT((0.,0.,0.));
#2140=IFCDIRECTION((1.,0.));
#2139=IFCCARTESIANPOINT((-69.84999999999999,0.));
#2138=IFCDIRECTION((0.,0.,1.));
#2137=IFCDIRECTION((0.,1.,0.));
#2136=IFCCARTESIANPOINT((0.,0.,0.));
#2135=IFCDIRECTION((1.,0.));
#2134=IFCCARTESIANPOINT((-69.84999999999999,0.));
#2133=IFCDIRECTION((0.,0.,1.));
#2132=IFCDIRECTION((0.,0.,1.));
#2131=IFCDIRECTION((0.,1.,0.));
#2145=IFCDIRECTION((1.,0.));
#2129=IFCCARTESIANPOINT((0.,0.,0.));
#2160=IFCDIRECTION((1.,0.));
#2159=IFCCARTESIANPOINT((-69.84999999999999,0.));
#2158=IFCDIRECTION((0.,0.,1.));
#2157=IFCDIRECTION((0.,1.,0.));
#2156=IFCCARTESIANPOINT((0.,0.,0.));
#2155=IFCDIRECTION((1.,0.));
#2154=IFCCARTESIANPOINT((-69.84999999999999,0.));
#2153=IFCDIRECTION((0.,0.,1.));
#2152=IFCDIRECTION((0.,1.,0.));
#2151=IFCCARTESIANPOINT((0.,0.,0.));
#2161=IFCCARTESIANPOINT((0.,0.,0.));
#2162=IFCDIRECTION((0.,1.,0.));
#2150=IFCDIRECTION((1.,0.));
#2149=IFCCARTESIANPOINT((-69.84999999999999,0.));
#2148=IFCDIRECTION((0.,0.,1.));
#2147=IFCDIRECTION((0.,1.,0.));
#2146=IFCCARTESIANPOINT((0.,0.,0.));
#2163=IFCDIRECTION((0.,0.,1.));
#2164=IFCCARTESIANPOINT((-69.84999999999999,0.));
#2168=IFCDIRECTION((0.,0.,1.));
#2167=IFCDIRECTION((0.,1.,0.));
#2166=IFCCARTESIANPOINT((0.,0.,0.));
#2165=IFCDIRECTION((1.,0.));
#2170=IFCDIRECTION((1.,0.));
#2169=IFCCARTESIANPOINT((-69.84999999999999,0.));
#2171=IFCCARTESIANPOINT((0.,0.,0.));
#2173=IFCDIRECTION((0.,0.,1.));
#2172=IFCDIRECTION((0.,1.,0.));
#2175=IFCDIRECTION((1.,0.));
#2174=IFCCARTESIANPOINT((-69.84999999999999,0.));
#2176=IFCCARTESIANPOINT((0.,0.,0.));
#2177=IFCDIRECTION((0.,1.,0.));
#2179=IFCCARTESIANPOINT((-69.84999999999999,0.));
#2178=IFCDIRECTION((0.,0.,1.));
#2181=IFCCARTESIANPOINT((0.,0.,0.));
#2180=IFCDIRECTION((1.,0.));
#2182=IFCDIRECTION((0.,1.,0.));
#2183=IFCDIRECTION((0.,0.,1.));
#2184=IFCCARTESIANPOINT((-69.84999999999999,0.));
#2185=IFCDIRECTION((1.,0.));
#2187=IFCDIRECTION((0.,1.,0.));
#2186=IFCCARTESIANPOINT((0.,0.,0.));
#2194=IFCCARTESIANPOINT((-69.84999999999999,0.));
#2193=IFCDIRECTION((0.,0.,1.));
#2192=IFCDIRECTION((0.,1.,0.));
#2191=IFCCARTESIANPOINT((0.,0.,0.));
#2190=IFCDIRECTION((1.,0.));
#2189=IFCCARTESIANPOINT((-69.84999999999999,0.));
#2188=IFCDIRECTION((0.,0.,1.));
#2207=IFCDIRECTION((0.,1.,0.));
#2208=IFCDIRECTION((0.,0.,1.));
#2206=IFCCARTESIANPOINT((0.,0.,0.));
#2205=IFCDIRECTION((1.,0.));
#2204=IFCCARTESIANPOINT((-69.84999999999999,0.));
#2203=IFCDIRECTION((0.,0.,1.));
#2209=IFCCARTESIANPOINT((-69.84999999999999,0.));
#2202=IFCDIRECTION((0.,1.,0.));
#2201=IFCCARTESIANPOINT((0.,0.,0.));
#2210=IFCDIRECTION((1.,0.));
#2212=IFCDIRECTION((0.,1.,0.));
#2200=IFCDIRECTION((1.,0.));
#2199=IFCCARTESIANPOINT((-69.84999999999999,0.));
#2198=IFCDIRECTION((0.,0.,1.));
#2197=IFCDIRECTION((0.,1.,0.));
#2196=IFCCARTESIANPOINT((0.,0.,0.));
#2213=IFCDIRECTION((0.,0.,1.));
#2211=IFCCARTESIANPOINT((0.,0.,0.));
#2195=IFCDIRECTION((1.,0.));
#2215=IFCDIRECTION((1.,0.));
#2214=IFCCARTESIANPOINT((-69.84999999999999,0.));
#2216=IFCCARTESIANPOINT((0.,0.,0.));
#2217=IFCDIRECTION((0.,1.,0.));
#2228=IFCDIRECTION((0.,0.,1.));
#2229=IFCCARTESIANPOINT((-69.84999999999999,0.));
#2227=IFCDIRECTION((0.,1.,0.));
#2226=IFCCARTESIANPOINT((0.,0.,0.));
#2225=IFCDIRECTION((1.,0.));
#2224=IFCCARTESIANPOINT((-69.84999999999999,0.));
#2231=IFCCARTESIANPOINT((0.,0.,0.));
#2230=IFCDIRECTION((1.,0.));
#2223=IFCDIRECTION((0.,0.,1.));
#2222=IFCDIRECTION((0.,1.,0.));
#2221=IFCCARTESIANPOINT((0.,0.,0.));
#2220=IFCDIRECTION((1.,0.));
#2219=IFCCARTESIANPOINT((-69.84999999999999,0.));
#2218=IFCDIRECTION((0.,0.,1.));
#2232=IFCDIRECTION((0.,1.,0.));
#2233=IFCDIRECTION((0.,0.,1.));
#2235=IFCDIRECTION((1.,0.));
#2234=IFCCARTESIANPOINT((-69.84999999999999,0.));
#2236=IFCCARTESIANPOINT((0.,0.,0.));
#2237=IFCDIRECTION((0.,1.,0.));
#2238=IFCDIRECTION((0.,0.,1.));
#2239=IFCCARTESIANPOINT((-69.84999999999999,0.));
#2240=IFCDIRECTION((1.,0.));
#2242=IFCDIRECTION((0.,1.,0.));
#2241=IFCCARTESIANPOINT((0.,0.,0.));
#2244=IFCCARTESIANPOINT((-69.84999999999999,0.));
#2259=IFCCARTESIANPOINT((-69.84999999999999,0.));
#2257=IFCDIRECTION((0.,1.,0.));
#2256=IFCCARTESIANPOINT((0.,0.,0.));
#2255=IFCDIRECTION((1.,0.));
#2254=IFCCARTESIANPOINT((-69.84999999999999,0.));
#2253=IFCDIRECTION((0.,0.,1.));
#2252=IFCDIRECTION((0.,1.,0.));
#2251=IFCCARTESIANPOINT((0.,0.,0.));
#2250=IFCDIRECTION((1.,0.));
#2249=IFCCARTESIANPOINT((-69.84999999999999,0.));
#2248=IFCDIRECTION((0.,0.,1.));
#2247=IFCDIRECTION((0.,1.,0.));
#2246=IFCCARTESIANPOINT((0.,0.,0.));
#2243=IFCDIRECTION((0.,0.,1.));
#2245=IFCDIRECTION((1.,0.));
#2273=IFCDIRECTION((0.,0.,1.));
#2272=IFCDIRECTION((0.,1.,0.));
#2271=IFCCARTESIANPOINT((0.,0.,0.));
#2270=IFCDIRECTION((1.,0.));
#2269=IFCCARTESIANPOINT((-69.84999999999999,0.));
#2268=IFCDIRECTION((0.,0.,1.));
#2266=IFCCARTESIANPOINT((0.,0.,0.));
#2267=IFCDIRECTION((0.,1.,0.));
#2265=IFCDIRECTION((1.,0.));
#2264=IFCCARTESIANPOINT((-69.84999999999999,0.));
#2263=IFCDIRECTION((0.,0.,1.));
#2261=IFCCARTESIANPOINT((0.,0.,0.));
#2262=IFCDIRECTION((0.,1.,0.));
#2258=IFCDIRECTION((0.,0.,1.));
#2260=IFCDIRECTION((1.,0.));
#2275=IFCDIRECTION((1.,0.));
#2289=IFCCARTESIANPOINT((-69.84999999999999,0.));
#2288=IFCDIRECTION((0.,0.,1.));
#2287=IFCDIRECTION((0.,1.,0.));
#2286=IFCCARTESIANPOINT((0.,0.,0.));
#2285=IFCDIRECTION((1.,0.));
#2284=IFCCARTESIANPOINT((-69.84999999999999,0.));
#2283=IFCDIRECTION((0.,0.,1.));
#2282=IFCDIRECTION((0.,1.,0.));
#2281=IFCCARTESIANPOINT((0.,0.,0.));
#2280=IFCDIRECTION((1.,0.));
#2278=IFCDIRECTION((0.,0.,1.));
#2279=IFCCARTESIANPOINT((-69.84999999999999,0.));
#2277=IFCDIRECTION((0.,1.,0.));
#2274=IFCCARTESIANPOINT((-69.84999999999999,0.));
#2276=IFCCARTESIANPOINT((0.,0.,0.));
#2303=IFCDIRECTION((0.,0.,1.));
#2302=IFCDIRECTION((0.,1.,0.));
#2301=IFCCARTESIANPOINT((0.,0.,0.));
#2299=IFCCARTESIANPOINT((-69.84999999999999,0.));
#2300=IFCDIRECTION((1.,0.));
#2298=IFCDIRECTION((0.,0.,1.));
#2297=IFCDIRECTION((0.,1.,0.));
#2296=IFCCARTESIANPOINT((0.,0.,0.));
#2294=IFCCARTESIANPOINT((-69.84999999999999,0.));
#2295=IFCDIRECTION((1.,0.));
#2293=IFCDIRECTION((0.,0.,1.));
#2292=IFCDIRECTION((0.,1.,0.));
#2290=IFCDIRECTION((1.,0.));
#2291=IFCCARTESIANPOINT((0.,0.,0.));
ENDSEC;
END-ISO-10303-21;
