# FILE TRUSSES.obj
mtllib TRUSSES.mtl
trace_obj TRUSSES.obj
shadow_obj TRUSSES.obj

g BEAM  Paint_-_Light_Gray

usemtl Paint_-_Light_Gray

v -5339.83 2932.62 -6.06858
v -5256.58 2932.62 32.7515
v -5256.58 2931.12 32.7515
v -5339.83 2931.12 -6.06858
v -5339.83 2931.12 -6.06858
v -5339.83 2931.12 0
v -5339.83 2932.62 0
v -5339.83 2932.62 -6.06858
v -5339.83 2932.62 0
v -5256.58 2932.62 38.8201
v -5256.58 2932.62 32.7515
v -5339.83 2932.62 -6.06858
v -5256.58 2932.62 38.8201
v -5256.58 2931.12 38.8201
v -5256.58 2931.12 32.7515
v -5256.58 2932.62 32.7515
v -5339.83 2931.12 -6.06858
v -5256.58 2931.12 32.7515
v -5256.58 2931.12 38.8201
v -5339.83 2931.12 0
v -5339.83 2931.12 0
v -5256.58 2931.12 38.8201
v -5256.58 2932.62 38.8201
v -5339.83 2932.62 0
# vertex indices from 1 to 24

s off
vt -122.989 -74.4886
vt -120.656 -74.4886
vt -120.656 -74.4505
vt -122.989 -74.4505
# texture vertex indices from 1 to 4

f  1/1 2/2 3/3 4/4
vt -74.4505 57.1807
vt -74.4505 57.3204
vt -74.4886 57.3204
vt -74.4886 57.1807
# texture vertex indices from 5 to 8

f  4/5 6/6 7/7 1/8
vt -122.924 57.3204
vt -120.591 57.3204
vt -120.656 57.1807
vt -122.989 57.1807
# texture vertex indices from 9 to 12

f  7/9 10/10 2/11 1/12
vt -74.4886 57.3204
vt -74.4505 57.3204
vt -74.4505 57.1807
vt -74.4886 57.1807
# texture vertex indices from 13 to 16

f  10/13 14/14 3/15 2/16
vt -122.989 57.1807
vt -120.656 57.1807
vt -120.591 57.3204
vt -122.924 57.3204
# texture vertex indices from 17 to 20

f  4/17 3/18 14/19 6/20
vt -122.924 -74.4505
vt -120.591 -74.4505
vt -120.591 -74.4886
vt -122.924 -74.4886
# texture vertex indices from 21 to 24

f  6/21 14/22 10/23 7/24

g BEAM  Paint_-_Light_Gray

usemtl Paint_-_Light_Gray

v -5160.58 3069.87 0
v -5160.58 2919.87 69.9461
v -5159.08 2919.87 69.9461
v -5159.08 3069.87 0
v -5159.08 3069.87 0
v -5159.08 3069.87 -6.06858
v -5160.58 3069.87 -6.06858
v -5160.58 3069.87 0
v -5160.58 3069.87 -6.06858
v -5160.58 2919.87 63.8776
v -5160.58 2919.87 69.9461
v -5160.58 3069.87 0
v -5160.58 2919.87 63.8776
v -5159.08 2919.87 63.8776
v -5159.08 2919.87 69.9461
v -5160.58 2919.87 69.9461
v -5159.08 3069.87 0
v -5159.08 2919.87 69.9461
v -5159.08 2919.87 63.8776
v -5159.08 3069.87 -6.06858
v -5159.08 3069.87 -6.06858
v -5159.08 2919.87 63.8776
v -5160.58 2919.87 63.8776
v -5160.58 3069.87 -6.06858
# vertex indices from 25 to 48

s off
vt -70.6691 131.079
vt -66.4653 131.079
vt -66.4653 131.041
vt -70.6691 131.041
# texture vertex indices from 25 to 28

f  25/25 26/26 27/27 28/28
vt 131.041 32.9536
vt 131.041 32.8139
vt 131.079 32.8139
vt 131.079 32.9536
# texture vertex indices from 29 to 32

f  28/29 30/30 31/31 25/32
vt -70.7343 32.8139
vt -66.5304 32.8139
vt -66.4653 32.9536
vt -70.6691 32.9536
# texture vertex indices from 33 to 36

f  31/33 34/34 26/35 25/36
vt 131.079 32.8139
vt 131.041 32.8139
vt 131.041 32.9536
vt 131.079 32.9536
# texture vertex indices from 37 to 40

f  34/37 38/38 27/39 26/40
vt -70.6691 32.9536
vt -66.4653 32.9536
vt -66.5304 32.8139
vt -70.7343 32.8139
# texture vertex indices from 41 to 44

f  28/41 27/42 38/43 30/44
vt -70.7343 131.041
vt -66.5304 131.041
vt -66.5304 131.079
vt -70.7343 131.079
# texture vertex indices from 45 to 48

f  30/45 38/46 34/47 31/48

g BEAM  Paint_-_Light_Gray

usemtl Paint_-_Light_Gray

v -5160.58 2769.87 -6.06858
v -5160.58 2919.87 63.8776
v -5159.08 2919.87 63.8776
v -5159.08 2769.87 -6.06858
v -5159.08 2769.87 -6.06858
v -5159.08 2769.87 0
v -5160.58 2769.87 0
v -5160.58 2769.87 -6.06858
v -5160.58 2769.87 0
v -5160.58 2919.87 69.9461
v -5160.58 2919.87 63.8776
v -5160.58 2769.87 -6.06858
v -5160.58 2919.87 69.9461
v -5159.08 2919.87 69.9461
v -5159.08 2919.87 63.8776
v -5160.58 2919.87 63.8776
v -5159.08 2769.87 -6.06858
v -5159.08 2919.87 63.8776
v -5159.08 2919.87 69.9461
v -5159.08 2769.87 0
v -5159.08 2769.87 0
v -5159.08 2919.87 69.9461
v -5160.58 2919.87 69.9461
v -5160.58 2769.87 0
# vertex indices from 49 to 72

s off
vt 63.6979 -131.079
vt 67.9018 -131.079
vt 67.9018 -131.041
vt 63.6979 -131.041
# texture vertex indices from 49 to 52

f  49/49 50/50 51/51 52/52
vt -131.041 -29.8729
vt -131.041 -29.7332
vt -131.079 -29.7332
vt -131.079 -29.8729
# texture vertex indices from 53 to 56

f  52/53 54/54 55/55 49/56
vt 63.7631 -29.7332
vt 67.9669 -29.7332
vt 67.9018 -29.8729
vt 63.6979 -29.8729
# texture vertex indices from 57 to 60

f  55/57 58/58 50/59 49/60
vt -131.079 -29.7332
vt -131.041 -29.7332
vt -131.041 -29.8729
vt -131.079 -29.8729
# texture vertex indices from 61 to 64

f  58/61 62/62 51/63 50/64
vt 63.6979 -29.8729
vt 67.9018 -29.8729
vt 67.9669 -29.7332
vt 63.7631 -29.7332
# texture vertex indices from 65 to 68

f  52/65 51/66 62/67 54/68
vt 63.7631 -131.041
vt 67.9669 -131.041
vt 67.9669 -131.079
vt 63.7631 -131.079
# texture vertex indices from 69 to 72

f  54/69 62/70 58/71 55/72

g BEAM  Paint_-_Light_Gray

usemtl Paint_-_Light_Gray

v -5184.58 3069.87 0
v -5184.58 2919.87 69.9461
v -5183.08 2919.87 69.9461
v -5183.08 3069.87 0
v -5183.08 3069.87 0
v -5183.08 3069.87 -6.06858
v -5184.58 3069.87 -6.06858
v -5184.58 3069.87 0
v -5184.58 3069.87 -6.06858
v -5184.58 2919.87 63.8776
v -5184.58 2919.87 69.9461
v -5184.58 3069.87 0
v -5184.58 2919.87 63.8776
v -5183.08 2919.87 63.8776
v -5183.08 2919.87 69.9461
v -5184.58 2919.87 69.9461
v -5183.08 3069.87 0
v -5183.08 2919.87 69.9461
v -5183.08 2919.87 63.8776
v -5183.08 3069.87 -6.06858
v -5183.08 3069.87 -6.06858
v -5183.08 2919.87 63.8776
v -5184.58 2919.87 63.8776
v -5184.58 3069.87 -6.06858
# vertex indices from 73 to 96

s off
vt -70.6691 131.688
vt -66.4653 131.688
vt -66.4653 131.65
vt -70.6691 131.65
# texture vertex indices from 73 to 76

f  73/73 74/74 75/75 76/76
vt 131.65 32.9536
vt 131.65 32.8139
vt 131.688 32.8139
vt 131.688 32.9536
# texture vertex indices from 77 to 80

f  76/77 78/78 79/79 73/80
vt -70.7343 32.8139
vt -66.5304 32.8139
vt -66.4653 32.9536
vt -70.6691 32.9536
# texture vertex indices from 81 to 84

f  79/81 82/82 74/83 73/84
vt 131.688 32.8139
vt 131.65 32.8139
vt 131.65 32.9536
vt 131.688 32.9536
# texture vertex indices from 85 to 88

f  82/85 86/86 75/87 74/88
vt -70.6691 32.9536
vt -66.4653 32.9536
vt -66.5304 32.8139
vt -70.7343 32.8139
# texture vertex indices from 89 to 92

f  76/89 75/90 86/91 78/92
vt -70.7343 131.65
vt -66.5304 131.65
vt -66.5304 131.688
vt -70.7343 131.688
# texture vertex indices from 93 to 96

f  78/93 86/94 82/95 79/96

g BEAM  Paint_-_Light_Gray

usemtl Paint_-_Light_Gray

v -5184.58 2769.87 -6.06858
v -5184.58 2919.87 63.8776
v -5183.08 2919.87 63.8776
v -5183.08 2769.87 -6.06858
v -5183.08 2769.87 -6.06858
v -5183.08 2769.87 0
v -5184.58 2769.87 0
v -5184.58 2769.87 -6.06858
v -5184.58 2769.87 0
v -5184.58 2919.87 69.9461
v -5184.58 2919.87 63.8776
v -5184.58 2769.87 -6.06858
v -5184.58 2919.87 69.9461
v -5183.08 2919.87 69.9461
v -5183.08 2919.87 63.8776
v -5184.58 2919.87 63.8776
v -5183.08 2769.87 -6.06858
v -5183.08 2919.87 63.8776
v -5183.08 2919.87 69.9461
v -5183.08 2769.87 0
v -5183.08 2769.87 0
v -5183.08 2919.87 69.9461
v -5184.58 2919.87 69.9461
v -5184.58 2769.87 0
# vertex indices from 97 to 120

s off
vt 63.6979 -131.688
vt 67.9018 -131.688
vt 67.9018 -131.65
vt 63.6979 -131.65
# texture vertex indices from 97 to 100

f  97/97 98/98 99/99 100/100
vt -131.65 -29.8729
vt -131.65 -29.7332
vt -131.688 -29.7332
vt -131.688 -29.8729
# texture vertex indices from 101 to 104

f  100/101 102/102 103/103 97/104
vt 63.7631 -29.7332
vt 67.9669 -29.7332
vt 67.9018 -29.8729
vt 63.6979 -29.8729
# texture vertex indices from 105 to 108

f  103/105 106/106 98/107 97/108
vt -131.688 -29.7332
vt -131.65 -29.7332
vt -131.65 -29.8729
vt -131.688 -29.8729
# texture vertex indices from 109 to 112

f  106/109 110/110 99/111 98/112
vt 63.6979 -29.8729
vt 67.9018 -29.8729
vt 67.9669 -29.7332
vt 63.7631 -29.7332
# texture vertex indices from 113 to 116

f  100/113 99/114 110/115 102/116
vt 63.7631 -131.65
vt 67.9669 -131.65
vt 67.9669 -131.688
vt 63.7631 -131.688
# texture vertex indices from 117 to 120

f  102/117 110/118 106/119 103/120

g BEAM  Paint_-_Light_Gray

usemtl Paint_-_Light_Gray

v -5208.58 3069.87 0
v -5208.58 2937.87 61.5526
v -5207.08 2937.87 61.5526
v -5207.08 3069.87 0
v -5207.08 3069.87 0
v -5207.08 3069.87 -6.06858
v -5208.58 3069.87 -6.06858
v -5208.58 3069.87 0
v -5208.58 3069.87 -6.06858
v -5208.58 2936.65 56.0526
v -5208.58 2937.87 61.5526
v -5208.58 3069.87 0
v -5208.58 2936.65 56.0526
v -5207.08 2936.65 56.0526
v -5207.08 2937.87 61.5526
v -5208.58 2937.87 61.5526
v -5207.08 3069.87 0
v -5207.08 2937.87 61.5526
v -5207.08 2936.65 56.0526
v -5207.08 3069.87 -6.06858
v -5207.08 3069.87 -6.06858
v -5207.08 2936.65 56.0526
v -5208.58 2936.65 56.0526
v -5208.58 3069.87 -6.06858
# vertex indices from 121 to 144

s off
vt -70.6691 132.298
vt -66.9697 132.298
vt -66.9697 132.26
vt -70.6691 132.26
# texture vertex indices from 121 to 124

f  121/121 122/122 123/123 124/124
vt 132.26 32.9536
vt 132.26 32.8139
vt 132.298 32.8139
vt 132.298 32.9536
# texture vertex indices from 125 to 128

f  124/125 126/126 127/127 121/128
vt -70.7343 32.8139
vt -67.0007 32.8139
vt -66.9697 32.9536
vt -70.6691 32.9536
# texture vertex indices from 129 to 132

f  127/129 130/130 122/131 121/132
vt 132.298 32.8139
vt 132.26 32.8139
vt 132.26 32.9536
vt 132.298 32.9536
# texture vertex indices from 133 to 136

f  130/133 134/134 123/135 122/136
vt -70.6691 32.9536
vt -66.9697 32.9536
vt -67.0007 32.8139
vt -70.7343 32.8139
# texture vertex indices from 137 to 140

f  124/137 123/138 134/139 126/140
vt -70.7343 132.26
vt -67.0007 132.26
vt -67.0007 132.298
vt -70.7343 132.298
# texture vertex indices from 141 to 144

f  126/141 134/142 130/143 127/144

g BEAM  Paint_-_Light_Gray

usemtl Paint_-_Light_Gray

v -5208.58 2769.87 -6.06858
v -5208.58 2903.09 56.0526
v -5207.08 2903.09 56.0526
v -5207.08 2769.87 -6.06858
v -5207.08 2769.87 -6.06858
v -5207.08 2769.87 0
v -5208.58 2769.87 0
v -5208.58 2769.87 -6.06858
v -5208.58 2769.87 0
v -5208.58 2901.87 61.5526
v -5208.58 2903.09 56.0526
v -5208.58 2769.87 -6.06858
v -5208.58 2901.87 61.5526
v -5207.08 2901.87 61.5526
v -5207.08 2903.09 56.0526
v -5208.58 2903.09 56.0526
v -5207.08 2769.87 -6.06858
v -5207.08 2903.09 56.0526
v -5207.08 2901.87 61.5526
v -5207.08 2769.87 0
v -5207.08 2769.87 0
v -5207.08 2901.87 61.5526
v -5208.58 2901.87 61.5526
v -5208.58 2769.87 0
# vertex indices from 145 to 168

s off
vt 63.6979 -132.298
vt 67.4315 -132.298
vt 67.4315 -132.26
vt 63.6979 -132.26
# texture vertex indices from 145 to 148

f  145/145 146/146 147/147 148/148
vt -132.26 -29.8729
vt -132.26 -29.7332
vt -132.298 -29.7332
vt -132.298 -29.8729
# texture vertex indices from 149 to 152

f  148/149 150/150 151/151 145/152
vt 63.7631 -29.7332
vt 67.4625 -29.7332
vt 67.4315 -29.8729
vt 63.6979 -29.8729
# texture vertex indices from 153 to 156

f  151/153 154/154 146/155 145/156
vt -132.298 -29.7332
vt -132.26 -29.7332
vt -132.26 -29.8729
vt -132.298 -29.8729
# texture vertex indices from 157 to 160

f  154/157 158/158 147/159 146/160
vt 63.6979 -29.8729
vt 67.4315 -29.8729
vt 67.4625 -29.7332
vt 63.7631 -29.7332
# texture vertex indices from 161 to 164

f  148/161 147/162 158/163 150/164
vt 63.7631 -132.26
vt 67.4625 -132.26
vt 67.4625 -132.298
vt 63.7631 -132.298
# texture vertex indices from 165 to 168

f  150/165 158/166 154/167 151/168

g BEAM  Paint_-_Light_Gray

usemtl Paint_-_Light_Gray

v -5233.33 3069.87 0
v -5233.33 2962.62 50.0115
v -5231.83 2962.62 50.0115
v -5231.83 3069.87 0
v -5231.83 3069.87 0
v -5231.83 3069.87 -6.06858
v -5233.33 3069.87 -6.06858
v -5233.33 3069.87 0
v -5233.33 3069.87 -6.06858
v -5233.33 2961.4 44.5115
v -5233.33 2962.62 50.0115
v -5233.33 3069.87 0
v -5233.33 2961.4 44.5115
v -5231.83 2961.4 44.5115
v -5231.83 2962.62 50.0115
v -5233.33 2962.62 50.0115
v -5231.83 3069.87 0
v -5231.83 2962.62 50.0115
v -5231.83 2961.4 44.5115
v -5231.83 3069.87 -6.06858
v -5231.83 3069.87 -6.06858
v -5231.83 2961.4 44.5115
v -5233.33 2961.4 44.5115
v -5233.33 3069.87 -6.06858
# vertex indices from 169 to 192

s off
vt -70.6691 132.926
vt -67.6634 132.926
vt -67.6634 132.888
vt -70.6691 132.888
# texture vertex indices from 169 to 172

f  169/169 170/170 171/171 172/172
vt 132.888 32.9536
vt 132.888 32.8139
vt 132.926 32.8139
vt 132.926 32.9536
# texture vertex indices from 173 to 176

f  172/173 174/174 175/175 169/176
vt -70.7343 32.8139
vt -67.6943 32.8139
vt -67.6634 32.9536
vt -70.6691 32.9536
# texture vertex indices from 177 to 180

f  175/177 178/178 170/179 169/180
vt 132.926 32.8139
vt 132.888 32.8139
vt 132.888 32.9536
vt 132.926 32.9536
# texture vertex indices from 181 to 184

f  178/181 182/182 171/183 170/184
vt -70.6691 32.9536
vt -67.6634 32.9536
vt -67.6943 32.8139
vt -70.7343 32.8139
# texture vertex indices from 185 to 188

f  172/185 171/186 182/187 174/188
vt -70.7343 132.888
vt -67.6943 132.888
vt -67.6943 132.926
vt -70.7343 132.926
# texture vertex indices from 189 to 192

f  174/189 182/190 178/191 175/192

g BEAM  Paint_-_Light_Gray

usemtl Paint_-_Light_Gray

v -5233.33 2769.87 -6.06858
v -5233.33 2878.34 44.5115
v -5231.83 2878.34 44.5115
v -5231.83 2769.87 -6.06858
v -5231.83 2769.87 -6.06858
v -5231.83 2769.87 0
v -5233.33 2769.87 0
v -5233.33 2769.87 -6.06858
v -5233.33 2769.87 0
v -5233.33 2877.12 50.0115
v -5233.33 2878.34 44.5115
v -5233.33 2769.87 -6.06858
v -5233.33 2877.12 50.0115
v -5231.83 2877.12 50.0115
v -5231.83 2878.34 44.5115
v -5233.33 2878.34 44.5115
v -5231.83 2769.87 -6.06858
v -5231.83 2878.34 44.5115
v -5231.83 2877.12 50.0115
v -5231.83 2769.87 0
v -5231.83 2769.87 0
v -5231.83 2877.12 50.0115
v -5233.33 2877.12 50.0115
v -5233.33 2769.87 0
# vertex indices from 193 to 216

s off
vt 63.6979 -132.926
vt 66.7379 -132.926
vt 66.7379 -132.888
vt 63.6979 -132.888
# texture vertex indices from 193 to 196

f  193/193 194/194 195/195 196/196
vt -132.888 -29.8729
vt -132.888 -29.7332
vt -132.926 -29.7332
vt -132.926 -29.8729
# texture vertex indices from 197 to 200

f  196/197 198/198 199/199 193/200
vt 63.7631 -29.7332
vt 66.7688 -29.7332
vt 66.7379 -29.8729
vt 63.6979 -29.8729
# texture vertex indices from 201 to 204

f  199/201 202/202 194/203 193/204
vt -132.926 -29.7332
vt -132.888 -29.7332
vt -132.888 -29.8729
vt -132.926 -29.8729
# texture vertex indices from 205 to 208

f  202/205 206/206 195/207 194/208
vt 63.6979 -29.8729
vt 66.7379 -29.8729
vt 66.7688 -29.7332
vt 63.7631 -29.7332
# texture vertex indices from 209 to 212

f  196/209 195/210 206/211 198/212
vt 63.7631 -132.888
vt 66.7688 -132.888
vt 66.7688 -132.926
vt 63.7631 -132.926
# texture vertex indices from 213 to 216

f  198/213 206/214 202/215 199/216

g BEAM  Paint_-_Light_Gray

usemtl Paint_-_Light_Gray

v -5256.58 3069.87 -6.06858
v -5255.08 3069.87 -6.06858
v -5255.08 2984.65 33.6698
v -5256.58 2984.65 33.6698
v -5256.05 2987.15 33.0968
v -5256.58 2987.68 32.8491
v -5256.58 2986.62 33.0968
v -5256.58 3069.87 0
v -5255.08 3069.87 0
v -5255.08 3069.87 -6.06858
v -5256.58 3069.87 -6.06858
v -5255.08 3069.87 -6.06858
v -5255.08 3069.87 0
v -5255.08 2985.87 39.1698
v -5255.08 2984.65 33.6698
v -5256.58 2985.87 39.1698
v -5256.58 2984.65 33.6698
v -5255.08 2984.65 33.6698
v -5255.08 2985.87 39.1698
v -5256.58 2986.62 33.0968
v -5256.58 2987.68 32.8491
v -5256.58 2987.68 38.3255
v -5256.58 3069.87 0
v -5256.58 3069.87 -6.06858
v -5256.58 2984.65 33.6698
v -5256.58 2985.87 39.1698
v -5256.58 2986.62 38.8201
v -5256.58 2986.62 33.0968
v -5256.58 2986.62 38.8201
v -5256.05 2987.15 38.5728
v -5256.05 2987.15 33.0968
v -5256.05 2987.15 33.0968
v -5256.05 2987.15 38.5728
v -5256.58 2987.68 38.3255
v -5256.58 2987.68 32.8491
v -5256.58 2987.68 38.3255
v -5256.05 2987.15 38.5728
v -5256.58 2986.62 38.8201
v -5256.58 2985.87 39.1698
v -5255.08 2985.87 39.1698
v -5255.08 3069.87 0
v -5256.58 3069.87 0
# vertex indices from 217 to 258

s off
vt -70.7343 133.517
vt -70.7343 133.479
vt -68.3459 133.479
vt -68.3459 133.517
# texture vertex indices from 217 to 220

f  217/217 218/218 219/219 220/220
vt -68.4096 133.504
vt -68.4245 133.517
vt -68.3974 133.517
# texture vertex indices from 221 to 223

f  221/221 222/222 223/223
vt 133.517 32.9536
vt 133.479 32.9536
vt 133.479 32.8139
vt 133.517 32.8139
# texture vertex indices from 224 to 227

f  224/224 225/225 218/226 217/227
vt -70.7343 32.8139
vt -70.6691 32.9536
vt -68.315 32.9536
vt -68.3459 32.8139
# texture vertex indices from 228 to 231

f  218/228 225/229 230/230 219/231
vt 133.517 32.9536
vt 133.517 32.8139
vt 133.479 32.8139
vt 133.479 32.9536
# texture vertex indices from 232 to 235

f  232/232 220/233 219/234 230/235
vt -68.3459 32.8139
vt -68.315 32.9536
vt -68.336 32.9536
vt -68.3459 32.8139
vt -68.336 32.9536
vt -68.3974 32.8218
vt -68.4245 32.8275
vt -68.3657 32.9536
vt -70.6691 32.9536
vt -68.3974 32.8218
vt -68.4245 32.8275
vt -70.6691 32.9536
vt -68.3459 32.8139
vt -68.3974 32.8218
vt -70.6691 32.9536
vt -70.7343 32.8139
vt -68.3459 32.8139
vt -70.6691 32.9536
# texture vertex indices from 236 to 253

f  220/236 232/237 243/238
f  220/239 243/240 223/241
f  222/242 238/243 224/244
f  223/245 222/246 224/247
f  220/248 223/249 224/250
f  217/251 220/252 224/253
vt -68.3974 32.8218
vt -68.336 32.9536
vt -68.3508 32.9536
vt -68.4096 32.8275
# texture vertex indices from 254 to 257

f  223/254 243/255 246/256 221/257
vt -68.4096 32.8275
vt -68.3508 32.9536
vt -68.3657 32.9536
vt -68.4245 32.8275
# texture vertex indices from 258 to 261

f  221/258 246/259 238/260 222/261
vt -68.336 133.517
vt -68.315 133.517
vt -68.315 133.479
vt -68.3508 133.504
vt -68.336 133.517
vt -68.315 133.479
vt -70.6691 133.517
vt -68.3657 133.517
vt -70.6691 133.479
vt -70.6691 133.479
vt -68.3657 133.517
vt -68.3508 133.504
vt -70.6691 133.479
vt -68.3508 133.504
vt -68.315 133.479
# texture vertex indices from 262 to 276

f  243/262 232/263 230/264
f  246/265 243/266 230/267
f  224/268 238/269 225/270
f  225/271 238/272 246/273
f  225/274 246/275 230/276

g BEAM  Paint_-_Light_Gray

usemtl Paint_-_Light_Gray

v -5255.08 2769.87 -6.06858
v -5256.58 2769.87 -6.06858
v -5256.58 2855.09 33.6698
v -5255.08 2855.09 33.6698
v -5256.05 2852.59 33.0968
v -5256.58 2853.12 33.0968
v -5256.58 2852.06 32.8491
v -5256.58 2855.09 33.6698
v -5256.58 2853.87 39.1698
v -5255.08 2853.87 39.1698
v -5255.08 2855.09 33.6698
v -5255.08 2769.87 0
v -5255.08 2769.87 -6.06858
v -5255.08 2855.09 33.6698
v -5255.08 2853.87 39.1698
v -5256.58 2769.87 -6.06858
v -5255.08 2769.87 -6.06858
v -5255.08 2769.87 0
v -5256.58 2769.87 0
v -5256.58 2852.06 32.8491
v -5256.58 2853.12 33.0968
v -5256.58 2853.12 38.8201
v -5256.58 2853.87 39.1698
v -5256.58 2855.09 33.6698
v -5256.58 2769.87 -6.06858
v -5256.58 2769.87 0
v -5256.58 2852.06 38.3255
v -5256.58 2852.06 32.8491
v -5256.58 2852.06 38.3255
v -5256.05 2852.59 38.5728
v -5256.05 2852.59 33.0968
v -5256.05 2852.59 33.0968
v -5256.05 2852.59 38.5728
v -5256.58 2853.12 38.8201
v -5256.58 2853.12 33.0968
v -5256.58 2853.12 38.8201
v -5256.05 2852.59 38.5728
v -5256.58 2852.06 38.3255
v -5256.58 2769.87 0
v -5255.08 2769.87 0
v -5255.08 2853.87 39.1698
v -5256.58 2853.87 39.1698
# vertex indices from 259 to 300

s off
vt 63.6979 -133.479
vt 63.6979 -133.517
vt 66.0863 -133.517
vt 66.0863 -133.479
# texture vertex indices from 277 to 280

f  259/277 260/278 261/279 262/280
vt 66.0226 -133.504
vt 66.0348 -133.517
vt 66.0077 -133.517
# texture vertex indices from 281 to 283

f  263/281 264/282 265/283
vt -133.517 -29.8729
vt -133.517 -29.7332
vt -133.479 -29.7332
vt -133.479 -29.8729
# texture vertex indices from 284 to 287

f  261/284 267/285 268/286 262/287
vt 63.7631 -29.7332
vt 63.6979 -29.8729
vt 66.0863 -29.8729
vt 66.1172 -29.7332
# texture vertex indices from 288 to 291

f  270/288 259/289 262/290 268/291
vt -133.517 -29.8729
vt -133.479 -29.8729
vt -133.479 -29.7332
vt -133.517 -29.7332
# texture vertex indices from 292 to 295

f  260/292 259/293 270/294 277/295
vt 66.0962 -29.7332
vt 66.1172 -29.7332
vt 66.0863 -29.8729
vt 66.0348 -29.865
vt 66.0962 -29.7332
vt 66.0863 -29.8729
vt 63.7631 -29.7332
vt 66.0665 -29.7332
vt 66.0077 -29.8593
vt 63.7631 -29.7332
vt 66.0077 -29.8593
vt 66.0348 -29.865
vt 63.7631 -29.7332
vt 66.0348 -29.865
vt 66.0863 -29.8729
vt 63.6979 -29.8729
vt 63.7631 -29.7332
vt 66.0863 -29.8729
# texture vertex indices from 296 to 313

f  280/296 267/297 261/298
f  264/299 280/300 261/301
f  277/302 285/303 265/304
f  277/305 265/306 264/307
f  277/308 264/309 261/310
f  260/311 277/312 261/313
vt 66.0077 -29.8593
vt 66.0665 -29.7332
vt 66.0813 -29.7332
vt 66.0226 -29.8593
# texture vertex indices from 314 to 317

f  265/314 285/315 288/316 263/317
vt 66.0226 -29.8593
vt 66.0813 -29.7332
vt 66.0962 -29.7332
vt 66.0348 -29.865
# texture vertex indices from 318 to 321

f  263/318 288/319 280/320 264/321
vt 66.1172 -133.479
vt 66.1172 -133.517
vt 66.0962 -133.517
vt 66.1172 -133.479
vt 66.0962 -133.517
vt 66.0813 -133.504
vt 63.7631 -133.479
vt 66.1172 -133.479
vt 66.0813 -133.504
vt 63.7631 -133.479
vt 66.0813 -133.504
vt 66.0665 -133.517
vt 63.7631 -133.479
vt 66.0665 -133.517
vt 63.7631 -133.517
# texture vertex indices from 322 to 336

f  268/322 267/323 280/324
f  268/325 280/326 288/327
f  270/328 268/329 288/330
f  270/331 288/332 285/333
f  270/334 285/335 277/336

g BEAM  Paint_-_Light_Gray

usemtl Paint_-_Light_Gray

v -5280.58 3069.87 -6.06858
v -5279.08 3069.87 -6.06858
v -5279.08 3010.93 21.4153
v -5280.58 3010.93 21.4153
v -5280.58 3011.68 21.6378
v -5280.58 3010.93 21.813
v -5279.83 3010.93 21.9881
v -5280.58 3069.87 0
v -5279.08 3069.87 0
v -5279.08 3069.87 -6.06858
v -5280.58 3069.87 -6.06858
v -5279.08 3069.87 -6.06858
v -5279.08 3069.87 0
v -5279.08 3010.93 27.4839
v -5279.08 3010.93 21.4153
v -5279.83 3010.93 27.4839
v -5279.83 3010.93 21.9881
v -5280.58 3010.93 21.813
v -5280.58 3010.93 21.4153
v -5279.08 3010.93 21.4153
v -5279.08 3010.93 27.4839
v -5280.58 3011.68 21.6378
v -5279.83 3010.93 21.9881
v -5279.83 3010.93 27.4839
v -5280.58 3011.68 27.1341
v -5280.58 3010.93 21.813
v -5280.58 3011.68 21.6378
v -5280.58 3011.68 27.1341
v -5280.58 3069.87 0
v -5280.58 3069.87 -6.06858
v -5280.58 3010.93 21.4153
v -5280.58 3069.87 0
v -5280.58 3011.68 27.1341
v -5279.83 3010.93 27.4839
v -5279.08 3010.93 27.4839
v -5279.08 3069.87 0
# vertex indices from 301 to 336

s off
vt -70.7343 134.127
vt -70.7343 134.089
vt -69.0824 134.089
vt -69.0824 134.127
# texture vertex indices from 337 to 340

f  301/337 302/338 303/339 304/340
vt -69.0973 134.127
vt -69.0782 134.127
vt -69.0763 134.108
# texture vertex indices from 341 to 343

f  305/341 306/342 307/343
vt 134.127 32.9536
vt 134.089 32.9536
vt 134.089 32.8139
vt 134.127 32.8139
# texture vertex indices from 344 to 347

f  308/344 309/345 302/346 301/347
vt -70.7343 32.8139
vt -70.6691 32.9536
vt -69.0173 32.9536
vt -69.0824 32.8139
# texture vertex indices from 348 to 351

f  302/348 309/349 314/350 303/351
vt 134.089 32.9536
vt 134.108 32.9536
vt 134.108 32.827
vt 134.089 32.8139
vt 134.089 32.9536
vt 134.108 32.827
vt 134.089 32.8139
vt 134.108 32.827
vt 134.127 32.823
vt 134.089 32.8139
vt 134.127 32.823
vt 134.127 32.8139
# texture vertex indices from 352 to 363

f  314/352 316/353 307/354
f  303/355 314/356 307/357
f  303/358 307/359 306/360
f  303/361 306/362 304/363
vt -69.0973 32.827
vt -69.0763 32.827
vt -69.0173 32.9536
vt -69.0383 32.9536
# texture vertex indices from 364 to 367

f  305/364 307/365 316/366 325/367
vt -69.0824 32.8139
vt -69.0782 32.823
vt -69.0973 32.827
vt -69.0973 32.827
vt -69.0383 32.9536
vt -70.6691 32.9536
vt -69.0824 32.8139
vt -69.0973 32.827
vt -70.6691 32.9536
vt -70.7343 32.8139
vt -69.0824 32.8139
vt -70.6691 32.9536
# texture vertex indices from 368 to 379

f  304/368 306/369 305/370
f  305/371 325/372 308/373
f  304/374 305/375 308/376
f  301/377 304/378 308/379
vt -70.6691 134.127
vt -69.0383 134.127
vt -69.0173 134.108
vt -69.0173 134.089
vt -70.6691 134.089
# texture vertex indices from 380 to 384

f  308/380 325/381 316/382 314/383 309/384

g BEAM  Paint_-_Light_Gray

usemtl Paint_-_Light_Gray

v -5304.58 3069.87 -6.06858
v -5303.08 3069.87 -6.06858
v -5303.08 3034.93 10.2239
v -5304.58 3034.93 10.2239
v -5304.58 3035.68 10.4265
v -5304.58 3034.93 10.6017
v -5303.83 3034.93 10.7769
v -5304.58 3069.87 0
v -5303.08 3069.87 0
v -5303.08 3069.87 -6.06858
v -5304.58 3069.87 -6.06858
v -5303.08 3069.87 -6.06858
v -5303.08 3069.87 0
v -5303.08 3034.93 16.2925
v -5303.08 3034.93 10.2239
v -5303.83 3034.93 16.2925
v -5303.83 3034.93 10.7769
v -5304.58 3034.93 10.6017
v -5304.58 3034.93 10.2239
v -5303.08 3034.93 10.2239
v -5303.08 3034.93 16.2925
v -5304.58 3035.68 10.4265
v -5303.83 3034.93 10.7769
v -5303.83 3034.93 16.2925
v -5304.58 3035.68 15.9428
v -5304.58 3034.93 10.6017
v -5304.58 3035.68 10.4265
v -5304.58 3035.68 15.9428
v -5304.58 3069.87 0
v -5304.58 3069.87 -6.06858
v -5304.58 3034.93 10.2239
v -5304.58 3069.87 0
v -5304.58 3035.68 15.9428
v -5303.83 3034.93 16.2925
v -5303.08 3034.93 16.2925
v -5303.08 3069.87 0
# vertex indices from 337 to 372

s off
vt -70.7343 134.736
vt -70.7343 134.698
vt -69.7551 134.698
vt -69.7551 134.736
# texture vertex indices from 385 to 388

f  337/385 338/386 339/387 340/388
vt -69.7702 134.736
vt -69.751 134.736
vt -69.7491 134.717
# texture vertex indices from 389 to 391

f  341/389 342/390 343/391
vt 134.736 32.9536
vt 134.698 32.9536
vt 134.698 32.8139
vt 134.736 32.8139
# texture vertex indices from 392 to 395

f  344/392 345/393 338/394 337/395
vt -70.7343 32.8139
vt -70.6691 32.9536
vt -69.6899 32.9536
vt -69.7551 32.8139
# texture vertex indices from 396 to 399

f  338/396 345/397 350/398 339/399
vt 134.698 32.9536
vt 134.717 32.9536
vt 134.717 32.8266
vt 134.698 32.8139
vt 134.698 32.9536
vt 134.717 32.8266
vt 134.698 32.8139
vt 134.717 32.8266
vt 134.736 32.8225
vt 134.698 32.8139
vt 134.736 32.8225
vt 134.736 32.8139
# texture vertex indices from 400 to 411

f  350/400 352/401 343/402
f  339/403 350/404 343/405
f  339/406 343/407 342/408
f  339/409 342/410 340/411
vt -69.7702 32.8266
vt -69.7491 32.8266
vt -69.6899 32.9536
vt -69.7109 32.9536
# texture vertex indices from 412 to 415

f  341/412 343/413 352/414 361/415
vt -69.7551 32.8139
vt -69.751 32.8225
vt -69.7702 32.8266
vt -69.7702 32.8266
vt -69.7109 32.9536
vt -70.6691 32.9536
vt -69.7551 32.8139
vt -69.7702 32.8266
vt -70.6691 32.9536
vt -70.7343 32.8139
vt -69.7551 32.8139
vt -70.6691 32.9536
# texture vertex indices from 416 to 427

f  340/416 342/417 341/418
f  341/419 361/420 344/421
f  340/422 341/423 344/424
f  337/425 340/426 344/427
vt -70.6691 134.736
vt -69.7109 134.736
vt -69.6899 134.717
vt -69.6899 134.698
vt -70.6691 134.698
# texture vertex indices from 428 to 432

f  344/428 361/429 352/430 350/431 345/432

g BEAM  Paint_-_Light_Gray

usemtl Paint_-_Light_Gray

v -5339.83 2956.62 -6.06858
v -5256.58 2956.62 32.7515
v -5256.58 2955.12 32.7515
v -5339.83 2955.12 -6.06858
v -5339.83 2955.12 -6.06858
v -5339.83 2955.12 0
v -5339.83 2956.62 0
v -5339.83 2956.62 -6.06858
v -5339.83 2956.62 0
v -5256.58 2956.62 38.8201
v -5256.58 2956.62 32.7515
v -5339.83 2956.62 -6.06858
v -5256.58 2956.62 38.8201
v -5256.58 2955.12 38.8201
v -5256.58 2955.12 32.7515
v -5256.58 2956.62 32.7515
v -5339.83 2955.12 -6.06858
v -5256.58 2955.12 32.7515
v -5256.58 2955.12 38.8201
v -5339.83 2955.12 0
v -5339.83 2955.12 0
v -5256.58 2955.12 38.8201
v -5256.58 2956.62 38.8201
v -5339.83 2956.62 0
# vertex indices from 373 to 396

s off
vt -122.989 -75.0982
vt -120.656 -75.0982
vt -120.656 -75.0601
vt -122.989 -75.0601
# texture vertex indices from 433 to 436

f  373/433 374/434 375/435 376/436
vt -75.0601 57.1807
vt -75.0601 57.3204
vt -75.0982 57.3204
vt -75.0982 57.1807
# texture vertex indices from 437 to 440

f  376/437 378/438 379/439 373/440
vt -122.924 57.3204
vt -120.591 57.3204
vt -120.656 57.1807
vt -122.989 57.1807
# texture vertex indices from 441 to 444

f  379/441 382/442 374/443 373/444
vt -75.0982 57.3204
vt -75.0601 57.3204
vt -75.0601 57.1807
vt -75.0982 57.1807
# texture vertex indices from 445 to 448

f  382/445 386/446 375/447 374/448
vt -122.989 57.1807
vt -120.656 57.1807
vt -120.591 57.3204
vt -122.924 57.3204
# texture vertex indices from 449 to 452

f  376/449 375/450 386/451 378/452
vt -122.924 -75.0601
vt -120.591 -75.0601
vt -120.591 -75.0982
vt -122.924 -75.0982
# texture vertex indices from 453 to 456

f  378/453 386/454 382/455 379/456

g BEAM  Paint_-_Light_Gray

usemtl Paint_-_Light_Gray

v -5339.83 2980.62 -6.06858
v -5256.58 2980.62 32.7515
v -5256.58 2979.12 32.7515
v -5339.83 2979.12 -6.06858
v -5339.83 2979.12 -6.06858
v -5339.83 2979.12 0
v -5339.83 2980.62 0
v -5339.83 2980.62 -6.06858
v -5339.83 2980.62 0
v -5256.58 2980.62 38.8201
v -5256.58 2980.62 32.7515
v -5339.83 2980.62 -6.06858
v -5256.58 2980.62 38.8201
v -5256.58 2979.12 38.8201
v -5256.58 2979.12 32.7515
v -5256.58 2980.62 32.7515
v -5339.83 2979.12 -6.06858
v -5256.58 2979.12 32.7515
v -5256.58 2979.12 38.8201
v -5339.83 2979.12 0
v -5339.83 2979.12 0
v -5256.58 2979.12 38.8201
v -5256.58 2980.62 38.8201
v -5339.83 2980.62 0
# vertex indices from 397 to 420

s off
vt -122.989 -75.7078
vt -120.656 -75.7078
vt -120.656 -75.6697
vt -122.989 -75.6697
# texture vertex indices from 457 to 460

f  397/457 398/458 399/459 400/460
vt -75.6697 57.1807
vt -75.6697 57.3204
vt -75.7078 57.3204
vt -75.7078 57.1807
# texture vertex indices from 461 to 464

f  400/461 402/462 403/463 397/464
vt -122.924 57.3204
vt -120.591 57.3204
vt -120.656 57.1807
vt -122.989 57.1807
# texture vertex indices from 465 to 468

f  403/465 406/466 398/467 397/468
vt -75.7078 57.3204
vt -75.6697 57.3204
vt -75.6697 57.1807
vt -75.7078 57.1807
# texture vertex indices from 469 to 472

f  406/469 410/470 399/471 398/472
vt -122.989 57.1807
vt -120.656 57.1807
vt -120.591 57.3204
vt -122.924 57.3204
# texture vertex indices from 473 to 476

f  400/473 399/474 410/475 402/476
vt -122.924 -75.6697
vt -120.591 -75.6697
vt -120.591 -75.7078
vt -122.924 -75.7078
# texture vertex indices from 477 to 480

f  402/477 410/478 406/479 403/480

g BEAM  Paint_-_Light_Gray

usemtl Paint_-_Light_Gray

v -5339.83 3003.12 0
v -5339.83 3003.12 -6.06858
v -5274.89 3003.12 24.2131
v -5274.89 3003.12 30.2817
v -5339.83 3004.62 -6.06858
v -5339.83 3003.12 -6.06858
v -5339.83 3003.12 0
v -5339.83 3004.62 0
v -5339.83 3003.12 -6.06858
v -5339.83 3004.62 -6.06858
v -5274.89 3004.62 24.2131
v -5274.89 3003.12 24.2131
v -5274.89 3004.62 24.6158
v -5274.89 3003.87 24.791
v -5274.89 3003.87 30.2817
v -5274.89 3003.12 30.2817
v -5274.89 3003.12 24.2131
v -5274.89 3004.62 24.2131
v -5275.64 3004.62 24.4406
v -5274.89 3003.87 24.791
v -5274.89 3004.62 24.6158
v -5275.64 3004.62 24.4406
v -5275.64 3004.62 29.932
v -5274.89 3003.87 30.2817
v -5274.89 3003.87 24.791
v -5274.89 3003.12 30.2817
v -5274.89 3003.87 30.2817
v -5275.64 3004.62 29.932
v -5339.83 3004.62 0
v -5339.83 3003.12 0
v -5339.83 3004.62 0
v -5275.64 3004.62 29.932
v -5275.64 3004.62 24.4406
v -5274.89 3004.62 24.6158
v -5274.89 3004.62 24.2131
v -5339.83 3004.62 -6.06858
# vertex indices from 421 to 456

s off
vt -122.924 57.3204
vt -122.989 57.1807
vt -121.169 57.1807
vt -121.104 57.3204
# texture vertex indices from 481 to 484

f  421/481 422/482 423/483 424/484
vt -76.3174 57.1807
vt -76.2793 57.1807
vt -76.2793 57.3204
vt -76.3174 57.3204
# texture vertex indices from 485 to 488

f  425/485 422/486 421/487 428/488
vt -122.989 -76.2793
vt -122.989 -76.3174
vt -121.169 -76.3174
vt -121.169 -76.2793
# texture vertex indices from 489 to 492

f  422/489 425/490 431/491 423/492
vt -76.2983 57.194
vt -76.2983 57.3204
vt -76.2793 57.3204
vt -76.3174 57.1807
vt -76.3174 57.19
vt -76.2793 57.1807
vt -76.2793 57.1807
vt -76.3174 57.19
vt -76.2983 57.194
vt -76.2793 57.1807
vt -76.2983 57.194
vt -76.2793 57.3204
# texture vertex indices from 493 to 504

f  434/493 435/494 424/495
f  431/496 433/497 423/498
f  423/499 433/500 434/501
f  423/502 434/503 424/504
vt -121.184 -76.3174
vt -121.163 -76.2983
vt -121.165 -76.3174
# texture vertex indices from 505 to 507

f  439/505 434/506 433/507
vt -121.184 57.194
vt -121.125 57.3204
vt -121.104 57.3204
vt -121.163 57.194
# texture vertex indices from 508 to 511

f  439/508 443/509 435/510 434/511
vt -121.104 -76.2793
vt -121.104 -76.2983
vt -121.125 -76.3174
vt -122.924 -76.3174
vt -122.924 -76.2793
# texture vertex indices from 512 to 516

f  424/512 435/513 443/514 428/515 421/516
vt -121.184 57.194
vt -121.165 57.19
vt -121.169 57.1807
vt -122.924 57.3204
vt -121.125 57.3204
vt -121.184 57.194
vt -122.924 57.3204
vt -121.184 57.194
vt -121.169 57.1807
vt -122.989 57.1807
vt -122.924 57.3204
vt -121.169 57.1807
# texture vertex indices from 517 to 528

f  439/517 433/518 431/519
f  428/520 443/521 439/522
f  428/523 439/524 431/525
f  425/526 428/527 431/528

g BEAM  Paint_-_Light_Gray

usemtl Paint_-_Light_Gray

v -5339.83 3027.12 0
v -5339.83 3027.12 -6.06858
v -5298.89 3027.12 13.0217
v -5298.89 3027.12 19.0903
v -5339.83 3028.62 -6.06858
v -5339.83 3027.12 -6.06858
v -5339.83 3027.12 0
v -5339.83 3028.62 0
v -5339.83 3027.12 -6.06858
v -5339.83 3028.62 -6.06858
v -5298.89 3028.62 13.0217
v -5298.89 3027.12 13.0217
v -5298.89 3028.62 13.4045
v -5298.89 3027.87 13.5797
v -5298.89 3027.87 19.0903
v -5298.89 3027.12 19.0903
v -5298.89 3027.12 13.0217
v -5298.89 3028.62 13.0217
v -5299.64 3028.62 13.2293
v -5298.89 3027.87 13.5797
v -5298.89 3028.62 13.4045
v -5299.64 3028.62 13.2293
v -5299.64 3028.62 18.7406
v -5298.89 3027.87 19.0903
v -5298.89 3027.87 13.5797
v -5298.89 3027.12 19.0903
v -5298.89 3027.87 19.0903
v -5299.64 3028.62 18.7406
v -5339.83 3028.62 0
v -5339.83 3027.12 0
v -5339.83 3028.62 0
v -5299.64 3028.62 18.7406
v -5299.64 3028.62 13.2293
v -5298.89 3028.62 13.4045
v -5298.89 3028.62 13.0217
v -5339.83 3028.62 -6.06858
# vertex indices from 457 to 492

s off
vt -122.924 57.3204
vt -122.989 57.1807
vt -121.842 57.1807
vt -121.777 57.3204
# texture vertex indices from 529 to 532

f  457/529 458/530 459/531 460/532
vt -76.927 57.1807
vt -76.8889 57.1807
vt -76.8889 57.3204
vt -76.927 57.3204
# texture vertex indices from 533 to 536

f  461/533 458/534 457/535 464/536
vt -122.989 -76.8889
vt -122.989 -76.927
vt -121.842 -76.927
vt -121.842 -76.8889
# texture vertex indices from 537 to 540

f  458/537 461/538 467/539 459/540
vt -76.9079 57.1935
vt -76.9079 57.3204
vt -76.8889 57.3204
vt -76.927 57.1807
vt -76.927 57.1895
vt -76.8889 57.1807
vt -76.8889 57.1807
vt -76.927 57.1895
vt -76.9079 57.1935
vt -76.8889 57.1807
vt -76.9079 57.1935
vt -76.8889 57.3204
# texture vertex indices from 541 to 552

f  470/541 471/542 460/543
f  467/544 469/545 459/546
f  459/547 469/548 470/549
f  459/550 470/551 460/552
vt -121.857 -76.927
vt -121.836 -76.9079
vt -121.838 -76.927
# texture vertex indices from 553 to 555

f  475/553 470/554 469/555
vt -121.857 57.1935
vt -121.798 57.3204
vt -121.777 57.3204
vt -121.836 57.1935
# texture vertex indices from 556 to 559

f  475/556 479/557 471/558 470/559
vt -121.777 -76.8889
vt -121.777 -76.9079
vt -121.798 -76.927
vt -122.924 -76.927
vt -122.924 -76.8889
# texture vertex indices from 560 to 564

f  460/560 471/561 479/562 464/563 457/564
vt -121.857 57.1935
vt -121.838 57.1895
vt -121.842 57.1807
vt -122.924 57.3204
vt -121.798 57.3204
vt -121.857 57.1935
vt -122.924 57.3204
vt -121.857 57.1935
vt -121.842 57.1807
vt -122.989 57.1807
vt -122.924 57.3204
vt -121.842 57.1807
# texture vertex indices from 565 to 576

f  475/565 469/566 467/567
f  464/568 479/569 475/570
f  464/571 475/572 467/573
f  461/574 464/575 467/576

g BEAM  Paint_-_Light_Gray

usemtl Paint_-_Light_Gray

v -5339.83 2907.12 0
v -5256.58 2907.12 38.8201
v -5256.58 2908.62 38.8201
v -5339.83 2908.62 0
v -5339.83 2908.62 0
v -5339.83 2908.62 -6.06858
v -5339.83 2907.12 -6.06858
v -5339.83 2907.12 0
v -5339.83 2907.12 -6.06858
v -5256.58 2907.12 32.7515
v -5256.58 2907.12 38.8201
v -5339.83 2907.12 0
v -5256.58 2907.12 32.7515
v -5256.58 2908.62 32.7515
v -5256.58 2908.62 38.8201
v -5256.58 2907.12 38.8201
v -5339.83 2908.62 0
v -5256.58 2908.62 38.8201
v -5256.58 2908.62 32.7515
v -5339.83 2908.62 -6.06858
v -5339.83 2908.62 -6.06858
v -5256.58 2908.62 32.7515
v -5256.58 2907.12 32.7515
v -5339.83 2907.12 -6.06858
# vertex indices from 493 to 516

s off
vt -122.924 -73.8409
vt -120.591 -73.8409
vt -120.591 -73.879
vt -122.924 -73.879
# texture vertex indices from 577 to 580

f  493/577 494/578 495/579 496/580
vt -73.879 57.3204
vt -73.879 57.1807
vt -73.8409 57.1807
vt -73.8409 57.3204
# texture vertex indices from 581 to 584

f  496/581 498/582 499/583 493/584
vt -122.989 57.1807
vt -120.656 57.1807
vt -120.591 57.3204
vt -122.924 57.3204
# texture vertex indices from 585 to 588

f  499/585 502/586 494/587 493/588
vt -73.8409 57.1807
vt -73.879 57.1807
vt -73.879 57.3204
vt -73.8409 57.3204
# texture vertex indices from 589 to 592

f  502/589 506/590 495/591 494/592
vt -122.924 57.3204
vt -120.591 57.3204
vt -120.656 57.1807
vt -122.989 57.1807
# texture vertex indices from 593 to 596

f  496/593 495/594 506/595 498/596
vt -122.989 -73.879
vt -120.656 -73.879
vt -120.656 -73.8409
vt -122.989 -73.8409
# texture vertex indices from 597 to 600

f  498/597 506/598 502/599 499/600

g BEAM  Paint_-_Light_Gray

usemtl Paint_-_Light_Gray

v -5339.83 2883.12 0
v -5256.58 2883.12 38.8201
v -5256.58 2884.62 38.8201
v -5339.83 2884.62 0
v -5339.83 2884.62 0
v -5339.83 2884.62 -6.06858
v -5339.83 2883.12 -6.06858
v -5339.83 2883.12 0
v -5339.83 2883.12 -6.06858
v -5256.58 2883.12 32.7515
v -5256.58 2883.12 38.8201
v -5339.83 2883.12 0
v -5256.58 2883.12 32.7515
v -5256.58 2884.62 32.7515
v -5256.58 2884.62 38.8201
v -5256.58 2883.12 38.8201
v -5339.83 2884.62 0
v -5256.58 2884.62 38.8201
v -5256.58 2884.62 32.7515
v -5339.83 2884.62 -6.06858
v -5339.83 2884.62 -6.06858
v -5256.58 2884.62 32.7515
v -5256.58 2883.12 32.7515
v -5339.83 2883.12 -6.06858
# vertex indices from 517 to 540

s off
vt -122.924 -73.2313
vt -120.591 -73.2313
vt -120.591 -73.2694
vt -122.924 -73.2694
# texture vertex indices from 601 to 604

f  517/601 518/602 519/603 520/604
vt -73.2694 57.3204
vt -73.2694 57.1807
vt -73.2313 57.1807
vt -73.2313 57.3204
# texture vertex indices from 605 to 608

f  520/605 522/606 523/607 517/608
vt -122.989 57.1807
vt -120.656 57.1807
vt -120.591 57.3204
vt -122.924 57.3204
# texture vertex indices from 609 to 612

f  523/609 526/610 518/611 517/612
vt -73.2313 57.1807
vt -73.2694 57.1807
vt -73.2694 57.3204
vt -73.2313 57.3204
# texture vertex indices from 613 to 616

f  526/613 530/614 519/615 518/616
vt -122.924 57.3204
vt -120.591 57.3204
vt -120.656 57.1807
vt -122.989 57.1807
# texture vertex indices from 617 to 620

f  520/617 519/618 530/619 522/620
vt -122.989 -73.2694
vt -120.656 -73.2694
vt -120.656 -73.2313
vt -122.989 -73.2313
# texture vertex indices from 621 to 624

f  522/621 530/622 526/623 523/624

g BEAM  Paint_-_Light_Gray

usemtl Paint_-_Light_Gray

v -5339.83 2859.12 0
v -5256.58 2859.12 38.8201
v -5256.58 2860.62 38.8201
v -5339.83 2860.62 0
v -5339.83 2860.62 0
v -5339.83 2860.62 -6.06858
v -5339.83 2859.12 -6.06858
v -5339.83 2859.12 0
v -5339.83 2859.12 -6.06858
v -5256.58 2859.12 32.7515
v -5256.58 2859.12 38.8201
v -5339.83 2859.12 0
v -5256.58 2859.12 32.7515
v -5256.58 2860.62 32.7515
v -5256.58 2860.62 38.8201
v -5256.58 2859.12 38.8201
v -5339.83 2860.62 0
v -5256.58 2860.62 38.8201
v -5256.58 2860.62 32.7515
v -5339.83 2860.62 -6.06858
v -5339.83 2860.62 -6.06858
v -5256.58 2860.62 32.7515
v -5256.58 2859.12 32.7515
v -5339.83 2859.12 -6.06858
# vertex indices from 541 to 564

s off
vt -122.924 -72.6217
vt -120.591 -72.6217
vt -120.591 -72.6598
vt -122.924 -72.6598
# texture vertex indices from 625 to 628

f  541/625 542/626 543/627 544/628
vt -72.6598 57.3204
vt -72.6598 57.1807
vt -72.6217 57.1807
vt -72.6217 57.3204
# texture vertex indices from 629 to 632

f  544/629 546/630 547/631 541/632
vt -122.989 57.1807
vt -120.656 57.1807
vt -120.591 57.3204
vt -122.924 57.3204
# texture vertex indices from 633 to 636

f  547/633 550/634 542/635 541/636
vt -72.6217 57.1807
vt -72.6598 57.1807
vt -72.6598 57.3204
vt -72.6217 57.3204
# texture vertex indices from 637 to 640

f  550/637 554/638 543/639 542/640
vt -122.924 57.3204
vt -120.591 57.3204
vt -120.656 57.1807
vt -122.989 57.1807
# texture vertex indices from 641 to 644

f  544/641 543/642 554/643 546/644
vt -122.989 -72.6598
vt -120.656 -72.6598
vt -120.656 -72.6217
vt -122.989 -72.6217
# texture vertex indices from 645 to 648

f  546/645 554/646 550/647 547/648

g BEAM  Paint_-_Light_Gray

usemtl Paint_-_Light_Gray

v -5256.58 2985.87 39.1698
v -5256.58 2853.87 39.1698
v -5255.08 2853.87 39.1698
v -5255.08 2985.87 39.1698
v -5255.08 2985.87 39.1698
v -5255.08 2984.65 33.6698
v -5256.58 2984.65 33.6698
v -5256.58 2985.87 39.1698
v -5256.58 2984.65 33.6698
v -5256.58 2855.09 33.6698
v -5256.58 2853.87 39.1698
v -5256.58 2985.87 39.1698
v -5256.58 2855.09 33.6698
v -5255.08 2855.09 33.6698
v -5255.08 2853.87 39.1698
v -5256.58 2853.87 39.1698
v -5255.08 2985.87 39.1698
v -5255.08 2853.87 39.1698
v -5255.08 2855.09 33.6698
v -5255.08 2984.65 33.6698
v -5255.08 2984.65 33.6698
v -5255.08 2855.09 33.6698
v -5256.58 2855.09 33.6698
v -5256.58 2984.65 33.6698
# vertex indices from 565 to 588

s off
vt -75.8411 133.517
vt -72.4883 133.517
vt -72.4883 133.479
vt -75.8411 133.479
# texture vertex indices from 649 to 652

f  565/649 566/650 567/651 568/652
vt 133.479 0.994914
vt 133.479 0.855214
vt 133.517 0.855214
vt 133.517 0.994914
# texture vertex indices from 653 to 656

f  568/653 570/654 571/655 565/656
vt -75.8102 0.855214
vt -72.5193 0.855214
vt -72.4883 0.994914
vt -75.8411 0.994914
# texture vertex indices from 657 to 660

f  571/657 574/658 566/659 565/660
vt 133.517 0.855214
vt 133.479 0.855214
vt 133.479 0.994914
vt 133.517 0.994914
# texture vertex indices from 661 to 664

f  574/661 578/662 567/663 566/664
vt -75.8411 0.994914
vt -72.4883 0.994914
vt -72.5193 0.855214
vt -75.8102 0.855214
# texture vertex indices from 665 to 668

f  568/665 567/666 578/667 570/668
vt -75.8102 133.479
vt -72.5193 133.479
vt -72.5193 133.517
vt -75.8102 133.517
# texture vertex indices from 669 to 672

f  570/669 578/670 574/671 571/672

g BEAM  Paint_-_Light_Gray

usemtl Paint_-_Light_Gray

v -5233.33 2962.62 50.0115
v -5233.33 2877.12 50.0115
v -5231.83 2877.12 50.0115
v -5231.83 2962.62 50.0115
v -5231.83 2962.62 50.0115
v -5231.83 2961.4 44.5115
v -5233.33 2961.4 44.5115
v -5233.33 2962.62 50.0115
v -5233.33 2961.4 44.5115
v -5233.33 2878.34 44.5115
v -5233.33 2877.12 50.0115
v -5233.33 2962.62 50.0115
v -5233.33 2878.34 44.5115
v -5231.83 2878.34 44.5115
v -5231.83 2877.12 50.0115
v -5233.33 2877.12 50.0115
v -5231.83 2962.62 50.0115
v -5231.83 2877.12 50.0115
v -5231.83 2878.34 44.5115
v -5231.83 2961.4 44.5115
v -5231.83 2961.4 44.5115
v -5231.83 2878.34 44.5115
v -5233.33 2878.34 44.5115
v -5233.33 2961.4 44.5115
# vertex indices from 589 to 612

s off
vt -75.2506 132.926
vt -73.0789 132.926
vt -73.0789 132.888
vt -75.2506 132.888
# texture vertex indices from 673 to 676

f  589/673 590/674 591/675 592/676
vt 132.888 1.27029
vt 132.888 1.13059
vt 132.926 1.13059
vt 132.926 1.27029
# texture vertex indices from 677 to 680

f  592/677 594/678 595/679 589/680
vt -75.2196 1.13059
vt -73.1099 1.13059
vt -73.0789 1.27029
vt -75.2506 1.27029
# texture vertex indices from 681 to 684

f  595/681 598/682 590/683 589/684
vt 132.926 1.13059
vt 132.888 1.13059
vt 132.888 1.27029
vt 132.926 1.27029
# texture vertex indices from 685 to 688

f  598/685 602/686 591/687 590/688
vt -75.2506 1.27029
vt -73.0789 1.27029
vt -73.1099 1.13059
vt -75.2196 1.13059
# texture vertex indices from 689 to 692

f  592/689 591/690 602/691 594/692
vt -75.2196 132.888
vt -73.1099 132.888
vt -73.1099 132.926
vt -75.2196 132.926
# texture vertex indices from 693 to 696

f  594/693 602/694 598/695 595/696

g BEAM  Paint_-_Light_Gray

usemtl Paint_-_Light_Gray

v -5208.58 2937.87 61.5526
v -5208.58 2901.87 61.5526
v -5207.08 2901.87 61.5526
v -5207.08 2937.87 61.5526
v -5207.08 2937.87 61.5526
v -5207.08 2936.65 56.0526
v -5208.58 2936.65 56.0526
v -5208.58 2937.87 61.5526
v -5208.58 2936.65 56.0526
v -5208.58 2903.09 56.0526
v -5208.58 2901.87 61.5526
v -5208.58 2937.87 61.5526
v -5208.58 2903.09 56.0526
v -5207.08 2903.09 56.0526
v -5207.08 2901.87 61.5526
v -5208.58 2901.87 61.5526
v -5207.08 2937.87 61.5526
v -5207.08 2901.87 61.5526
v -5207.08 2903.09 56.0526
v -5207.08 2936.65 56.0526
v -5207.08 2936.65 56.0526
v -5207.08 2903.09 56.0526
v -5208.58 2903.09 56.0526
v -5208.58 2936.65 56.0526
# vertex indices from 613 to 636

s off
vt -74.6219 132.298
vt -73.7075 132.298
vt -73.7075 132.26
vt -74.6219 132.26
# texture vertex indices from 697 to 700

f  613/697 614/698 615/699 616/700
vt 132.26 1.56344
vt 132.26 1.42374
vt 132.298 1.42374
vt 132.298 1.56344
# texture vertex indices from 701 to 704

f  616/701 618/702 619/703 613/704
vt -74.591 1.42374
vt -73.7385 1.42374
vt -73.7075 1.56344
vt -74.6219 1.56344
# texture vertex indices from 705 to 708

f  619/705 622/706 614/707 613/708
vt 132.298 1.42374
vt 132.26 1.42374
vt 132.26 1.56344
vt 132.298 1.56344
# texture vertex indices from 709 to 712

f  622/709 626/710 615/711 614/712
vt -74.6219 1.56344
vt -73.7075 1.56344
vt -73.7385 1.42374
vt -74.591 1.42374
# texture vertex indices from 713 to 716

f  616/713 615/714 626/715 618/716
vt -74.591 132.26
vt -73.7385 132.26
vt -73.7385 132.298
vt -74.591 132.298
# texture vertex indices from 717 to 720

f  618/717 626/718 622/719 619/720

g BEAM  Paint_-_Light_Gray

usemtl Paint_-_Light_Gray

v -5339.83 2835.12 -6.06858
v -5339.83 2836.62 -6.06858
v -5274.89 2836.62 24.2131
v -5274.89 2835.12 24.2131
v -5275.64 2835.12 24.4406
v -5274.89 2835.12 24.6158
v -5274.89 2835.87 24.791
v -5339.83 2835.12 0
v -5339.83 2836.62 0
v -5339.83 2836.62 -6.06858
v -5339.83 2835.12 -6.06858
v -5339.83 2836.62 -6.06858
v -5339.83 2836.62 0
v -5274.89 2836.62 30.2817
v -5274.89 2836.62 24.2131
v -5274.89 2835.87 30.2817
v -5274.89 2835.87 24.791
v -5274.89 2835.12 24.6158
v -5274.89 2835.12 24.2131
v -5274.89 2836.62 24.2131
v -5274.89 2836.62 30.2817
v -5275.64 2835.12 24.4406
v -5274.89 2835.87 24.791
v -5274.89 2835.87 30.2817
v -5275.64 2835.12 29.932
v -5274.89 2835.12 24.6158
v -5275.64 2835.12 24.4406
v -5275.64 2835.12 29.932
v -5339.83 2835.12 0
v -5339.83 2835.12 -6.06858
v -5274.89 2835.12 24.2131
v -5339.83 2835.12 0
v -5275.64 2835.12 29.932
v -5274.89 2835.87 30.2817
v -5274.89 2836.62 30.2817
v -5339.83 2836.62 0
# vertex indices from 637 to 672

s off
vt -122.989 -72.0121
vt -122.989 -72.0502
vt -121.169 -72.0502
vt -121.169 -72.0121
# texture vertex indices from 721 to 724

f  637/721 638/722 639/723 640/724
vt -121.184 -72.0121
vt -121.165 -72.0121
vt -121.163 -72.0311
# texture vertex indices from 725 to 727

f  641/725 642/726 643/727
vt -72.0121 57.3204
vt -72.0502 57.3204
vt -72.0502 57.1807
vt -72.0121 57.1807
# texture vertex indices from 728 to 731

f  644/728 645/729 638/730 637/731
vt -122.989 57.1807
vt -122.924 57.3204
vt -121.104 57.3204
vt -121.169 57.1807
# texture vertex indices from 732 to 735

f  638/732 645/733 650/734 639/735
vt -72.0502 57.3204
vt -72.0311 57.3204
vt -72.0311 57.194
vt -72.0502 57.1807
vt -72.0502 57.3204
vt -72.0311 57.194
vt -72.0502 57.1807
vt -72.0311 57.194
vt -72.0121 57.19
vt -72.0502 57.1807
vt -72.0121 57.19
vt -72.0121 57.1807
# texture vertex indices from 736 to 747

f  650/736 652/737 643/738
f  639/739 650/740 643/741
f  639/742 643/743 642/744
f  639/745 642/746 640/747
vt -121.184 57.194
vt -121.163 57.194
vt -121.104 57.3204
vt -121.125 57.3204
# texture vertex indices from 748 to 751

f  641/748 643/749 652/750 661/751
vt -121.169 57.1807
vt -121.165 57.19
vt -121.184 57.194
vt -121.184 57.194
vt -121.125 57.3204
vt -122.924 57.3204
vt -121.169 57.1807
vt -121.184 57.194
vt -122.924 57.3204
vt -122.989 57.1807
vt -121.169 57.1807
vt -122.924 57.3204
# texture vertex indices from 752 to 763

f  640/752 642/753 641/754
f  641/755 661/756 644/757
f  640/758 641/759 644/760
f  637/761 640/762 644/763
vt -122.924 -72.0121
vt -121.125 -72.0121
vt -121.104 -72.0311
vt -121.104 -72.0502
vt -122.924 -72.0502
# texture vertex indices from 764 to 768

f  644/764 661/765 652/766 650/767 645/768

g BEAM  Paint_-_Light_Gray

usemtl Paint_-_Light_Gray

v -5339.83 2811.12 -6.06858
v -5339.83 2812.62 -6.06858
v -5298.89 2812.62 13.0217
v -5298.89 2811.12 13.0217
v -5299.64 2811.12 13.2293
v -5298.89 2811.12 13.4045
v -5298.89 2811.87 13.5797
v -5339.83 2811.12 0
v -5339.83 2812.62 0
v -5339.83 2812.62 -6.06858
v -5339.83 2811.12 -6.06858
v -5339.83 2812.62 -6.06858
v -5339.83 2812.62 0
v -5298.89 2812.62 19.0903
v -5298.89 2812.62 13.0217
v -5298.89 2811.87 19.0903
v -5298.89 2811.87 13.5797
v -5298.89 2811.12 13.4045
v -5298.89 2811.12 13.0217
v -5298.89 2812.62 13.0217
v -5298.89 2812.62 19.0903
v -5299.64 2811.12 13.2293
v -5298.89 2811.87 13.5797
v -5298.89 2811.87 19.0903
v -5299.64 2811.12 18.7406
v -5298.89 2811.12 13.4045
v -5299.64 2811.12 13.2293
v -5299.64 2811.12 18.7406
v -5339.83 2811.12 0
v -5339.83 2811.12 -6.06858
v -5298.89 2811.12 13.0217
v -5339.83 2811.12 0
v -5299.64 2811.12 18.7406
v -5298.89 2811.87 19.0903
v -5298.89 2812.62 19.0903
v -5339.83 2812.62 0
# vertex indices from 673 to 708

s off
vt -122.989 -71.4025
vt -122.989 -71.4406
vt -121.842 -71.4406
vt -121.842 -71.4025
# texture vertex indices from 769 to 772

f  673/769 674/770 675/771 676/772
vt -121.857 -71.4025
vt -121.838 -71.4025
vt -121.836 -71.4215
# texture vertex indices from 773 to 775

f  677/773 678/774 679/775
vt -71.4025 57.3204
vt -71.4406 57.3204
vt -71.4406 57.1807
vt -71.4025 57.1807
# texture vertex indices from 776 to 779

f  680/776 681/777 674/778 673/779
vt -122.989 57.1807
vt -122.924 57.3204
vt -121.777 57.3204
vt -121.842 57.1807
# texture vertex indices from 780 to 783

f  674/780 681/781 686/782 675/783
vt -71.4406 57.3204
vt -71.4215 57.3204
vt -71.4215 57.1935
vt -71.4406 57.1807
vt -71.4406 57.3204
vt -71.4215 57.1935
vt -71.4406 57.1807
vt -71.4215 57.1935
vt -71.4025 57.1895
vt -71.4406 57.1807
vt -71.4025 57.1895
vt -71.4025 57.1807
# texture vertex indices from 784 to 795

f  686/784 688/785 679/786
f  675/787 686/788 679/789
f  675/790 679/791 678/792
f  675/793 678/794 676/795
vt -121.857 57.1935
vt -121.836 57.1935
vt -121.777 57.3204
vt -121.798 57.3204
# texture vertex indices from 796 to 799

f  677/796 679/797 688/798 697/799
vt -121.842 57.1807
vt -121.838 57.1895
vt -121.857 57.1935
vt -121.857 57.1935
vt -121.798 57.3204
vt -122.924 57.3204
vt -121.842 57.1807
vt -121.857 57.1935
vt -122.924 57.3204
vt -122.989 57.1807
vt -121.842 57.1807
vt -122.924 57.3204
# texture vertex indices from 800 to 811

f  676/800 678/801 677/802
f  677/803 697/804 680/805
f  676/806 677/807 680/808
f  673/809 676/810 680/811
vt -122.924 -71.4025
vt -121.798 -71.4025
vt -121.777 -71.4215
vt -121.777 -71.4406
vt -122.924 -71.4406
# texture vertex indices from 812 to 816

f  680/812 697/813 688/814 686/815 681/816

g BEAM  Paint_-_Light_Gray

usemtl Paint_-_Light_Gray

v -5280.58 2769.87 -6.06858
v -5279.08 2769.87 -6.06858
v -5279.08 2769.87 0
v -5280.58 2769.87 0
v -5279.08 2769.87 -6.06858
v -5280.58 2769.87 -6.06858
v -5280.58 2828.81 21.4153
v -5279.08 2828.81 21.4153
v -5279.08 2769.87 0
v -5279.08 2769.87 -6.06858
v -5279.08 2828.81 21.4153
v -5279.08 2828.81 27.4839
v -5279.08 2828.81 27.4839
v -5279.83 2828.81 27.4839
v -5280.58 2828.06 27.1341
v -5280.58 2769.87 0
v -5279.08 2769.87 0
v -5280.58 2828.06 21.6378
v -5280.58 2828.06 27.1341
v -5279.83 2828.81 27.4839
v -5279.83 2828.81 21.9881
v -5280.58 2828.06 21.6378
v -5279.83 2828.81 21.9881
v -5280.58 2828.81 21.813
v -5280.58 2828.06 27.1341
v -5280.58 2828.06 21.6378
v -5280.58 2828.81 21.813
v -5280.58 2828.81 21.4153
v -5280.58 2769.87 -6.06858
v -5280.58 2769.87 0
v -5280.58 2828.81 21.4153
v -5280.58 2828.81 21.813
v -5279.83 2828.81 21.9881
v -5279.83 2828.81 27.4839
v -5279.08 2828.81 27.4839
v -5279.08 2828.81 21.4153
# vertex indices from 709 to 744

s off
vt -134.127 -29.8729
vt -134.089 -29.8729
vt -134.089 -29.7332
vt -134.127 -29.7332
# texture vertex indices from 817 to 820

f  709/817 710/818 711/819 712/820
vt 63.6979 -134.089
vt 63.6979 -134.127
vt 65.3497 -134.127
vt 65.3497 -134.089
# texture vertex indices from 821 to 824

f  710/821 709/822 715/823 716/824
vt 63.7631 -29.7332
vt 63.6979 -29.8729
vt 65.3497 -29.8729
vt 65.4149 -29.7332
# texture vertex indices from 825 to 828

f  711/825 710/826 716/827 720/828
vt 65.4149 -134.089
vt 65.4149 -134.108
vt 65.3939 -134.127
vt 63.7631 -134.127
vt 63.7631 -134.089
# texture vertex indices from 829 to 833

f  720/829 722/830 723/831 712/832 711/833
vt 65.3349 -29.8597
vt 65.3939 -29.7332
vt 65.4149 -29.7332
vt 65.3559 -29.8597
# texture vertex indices from 834 to 837

f  726/834 723/835 722/836 729/837
vt 65.3349 -134.127
vt 65.3559 -134.108
vt 65.354 -134.127
# texture vertex indices from 838 to 840

f  726/838 729/839 732/840
vt 65.3349 -29.8597
vt 65.354 -29.8637
vt 65.3497 -29.8729
vt 63.7631 -29.7332
vt 65.3939 -29.7332
vt 65.3349 -29.8597
vt 63.7631 -29.7332
vt 65.3349 -29.8597
vt 65.3497 -29.8729
vt 63.6979 -29.8729
vt 63.7631 -29.7332
vt 65.3497 -29.8729
# texture vertex indices from 841 to 852

f  726/841 732/842 715/843
f  712/844 723/845 726/846
f  712/847 726/848 715/849
f  709/850 712/851 715/852
vt -134.108 -29.8597
vt -134.108 -29.7332
vt -134.089 -29.7332
vt -134.127 -29.8729
vt -134.127 -29.8637
vt -134.089 -29.8729
vt -134.089 -29.8729
vt -134.127 -29.8637
vt -134.108 -29.8597
vt -134.089 -29.8729
vt -134.108 -29.8597
vt -134.089 -29.7332
# texture vertex indices from 853 to 864

f  729/853 722/854 720/855
f  715/856 732/857 716/858
f  716/859 732/860 729/861
f  716/862 729/863 720/864

g BEAM  Paint_-_Light_Gray

usemtl Paint_-_Light_Gray

v -5304.58 2769.87 -6.06858
v -5303.08 2769.87 -6.06858
v -5303.08 2769.87 0
v -5304.58 2769.87 0
v -5303.08 2769.87 -6.06858
v -5304.58 2769.87 -6.06858
v -5304.58 2804.81 10.2239
v -5303.08 2804.81 10.2239
v -5303.08 2769.87 0
v -5303.08 2769.87 -6.06858
v -5303.08 2804.81 10.2239
v -5303.08 2804.81 16.2925
v -5303.08 2804.81 16.2925
v -5303.83 2804.81 16.2925
v -5304.58 2804.06 15.9428
v -5304.58 2769.87 0
v -5303.08 2769.87 0
v -5304.58 2804.06 10.4265
v -5304.58 2804.06 15.9428
v -5303.83 2804.81 16.2925
v -5303.83 2804.81 10.7769
v -5304.58 2804.06 10.4265
v -5303.83 2804.81 10.7769
v -5304.58 2804.81 10.6017
v -5304.58 2804.06 15.9428
v -5304.58 2804.06 10.4265
v -5304.58 2804.81 10.6017
v -5304.58 2804.81 10.2239
v -5304.58 2769.87 -6.06858
v -5304.58 2769.87 0
v -5304.58 2804.81 10.2239
v -5304.58 2804.81 10.6017
v -5303.83 2804.81 10.7769
v -5303.83 2804.81 16.2925
v -5303.08 2804.81 16.2925
v -5303.08 2804.81 10.2239
# vertex indices from 745 to 780

s off
vt -134.736 -29.8729
vt -134.698 -29.8729
vt -134.698 -29.7332
vt -134.736 -29.7332
# texture vertex indices from 865 to 868

f  745/865 746/866 747/867 748/868
vt 63.6979 -134.698
vt 63.6979 -134.736
vt 64.6771 -134.736
vt 64.6771 -134.698
# texture vertex indices from 869 to 872

f  746/869 745/870 751/871 752/872
vt 63.7631 -29.7332
vt 63.6979 -29.8729
vt 64.6771 -29.8729
vt 64.7423 -29.7332
# texture vertex indices from 873 to 876

f  747/873 746/874 752/875 756/876
vt 64.7423 -134.698
vt 64.7423 -134.717
vt 64.7212 -134.736
vt 63.7631 -134.736
vt 63.7631 -134.698
# texture vertex indices from 877 to 881

f  756/877 758/878 759/879 748/880 747/881
vt 64.662 -29.8602
vt 64.7212 -29.7332
vt 64.7423 -29.7332
vt 64.6831 -29.8602
# texture vertex indices from 882 to 885

f  762/882 759/883 758/884 765/885
vt 64.662 -134.736
vt 64.6831 -134.717
vt 64.6812 -134.736
# texture vertex indices from 886 to 888

f  762/886 765/887 768/888
vt 64.662 -29.8602
vt 64.6812 -29.8642
vt 64.6771 -29.8729
vt 63.7631 -29.7332
vt 64.7212 -29.7332
vt 64.662 -29.8602
vt 63.7631 -29.7332
vt 64.662 -29.8602
vt 64.6771 -29.8729
vt 63.6979 -29.8729
vt 63.7631 -29.7332
vt 64.6771 -29.8729
# texture vertex indices from 889 to 900

f  762/889 768/890 751/891
f  748/892 759/893 762/894
f  748/895 762/896 751/897
f  745/898 748/899 751/900
vt -134.717 -29.8602
vt -134.717 -29.7332
vt -134.698 -29.7332
vt -134.736 -29.8729
vt -134.736 -29.8642
vt -134.698 -29.8729
vt -134.698 -29.8729
vt -134.736 -29.8642
vt -134.717 -29.8602
vt -134.698 -29.8729
vt -134.717 -29.8602
vt -134.698 -29.7332
# texture vertex indices from 901 to 912

f  765/901 758/902 756/903
f  751/904 768/905 752/906
f  752/907 768/908 765/909
f  752/910 765/911 756/912

g BEAM  Paint_-_Light_Gray

usemtl Paint_-_Light_Gray

v -5339.3 3070.4 -5.79228
v -5256.05 2987.15 33.0968
v -5257.11 2986.09 33.0968
v -5340.36 3069.34 -5.79228
v -5340.36 3069.34 -5.79228
v -5340.36 3069.34 0
v -5339.3 3070.4 0
v -5339.3 3070.4 -5.79228
v -5339.3 3070.4 0
v -5256.05 2987.15 38.8891
v -5256.05 2987.15 33.0968
v -5339.3 3070.4 -5.79228
v -5256.05 2987.15 38.8891
v -5257.11 2986.09 38.8891
v -5257.11 2986.09 33.0968
v -5256.05 2987.15 33.0968
v -5340.36 3069.34 -5.79228
v -5257.11 2986.09 33.0968
v -5257.11 2986.09 38.8891
v -5340.36 3069.34 0
v -5340.36 3069.34 0
v -5257.11 2986.09 38.8891
v -5256.05 2987.15 38.8891
v -5339.3 3070.4 0
# vertex indices from 781 to 804

s off
vt -143.467 40.7505
vt -140.318 40.7505
vt -140.318 40.7886
vt -143.467 40.7886
# texture vertex indices from 913 to 916

f  781/913 782/914 783/915 784/916
vt 40.7886 47.2344
vt 40.7886 47.3741
vt 40.7505 47.3741
vt 40.7505 47.2344
# texture vertex indices from 917 to 920

f  784/917 786/918 787/919 781/920
vt -143.421 47.3741
vt -140.271 47.3741
vt -140.318 47.2344
vt -143.467 47.2344
# texture vertex indices from 921 to 924

f  787/921 790/922 782/923 781/924
vt 40.7505 47.3741
vt 40.7886 47.3741
vt 40.7886 47.2344
vt 40.7505 47.2344
# texture vertex indices from 925 to 928

f  790/925 794/926 783/927 782/928
vt -143.467 47.2344
vt -140.318 47.2344
vt -140.271 47.3741
vt -143.421 47.3741
# texture vertex indices from 929 to 932

f  784/929 783/930 794/931 786/932
vt -143.421 40.7886
vt -140.271 40.7886
vt -140.271 40.7505
vt -143.421 40.7505
# texture vertex indices from 933 to 936

f  786/933 794/934 790/935 787/936

g BEAM  Paint_-_Light_Gray

usemtl Paint_-_Light_Gray

v -5339.3 2769.34 1.85766e-13
v -5256.05 2852.59 38.8891
v -5257.11 2853.65 38.8891
v -5340.36 2770.4 1.85766e-13
v -5340.36 2770.4 1.85766e-13
v -5340.36 2770.4 -5.79228
v -5339.3 2769.34 -5.79228
v -5339.3 2769.34 1.85766e-13
v -5339.3 2769.34 -5.79228
v -5256.05 2852.59 33.0968
v -5256.05 2852.59 38.8891
v -5339.3 2769.34 1.85766e-13
v -5256.05 2852.59 33.0968
v -5257.11 2853.65 33.0968
v -5257.11 2853.65 38.8891
v -5256.05 2852.59 38.8891
v -5340.36 2770.4 1.85766e-13
v -5257.11 2853.65 38.8891
v -5257.11 2853.65 33.0968
v -5340.36 2770.4 -5.79228
v -5340.36 2770.4 -5.79228
v -5257.11 2853.65 33.0968
v -5256.05 2852.59 33.0968
v -5339.3 2769.34 -5.79228
# vertex indices from 805 to 828

s off
vt -43.8286 -145.635
vt -40.6792 -145.635
vt -40.6792 -145.673
vt -43.8286 -145.673
# texture vertex indices from 937 to 940

f  805/937 806/938 807/939 808/940
vt -145.673 14.4772
vt -145.673 14.3375
vt -145.635 14.3375
vt -145.635 14.4772
# texture vertex indices from 941 to 944

f  808/941 810/942 811/943 805/944
vt -43.8747 14.3375
vt -40.7254 14.3375
vt -40.6792 14.4772
vt -43.8286 14.4772
# texture vertex indices from 945 to 948

f  811/945 814/946 806/947 805/948
vt -145.635 14.3375
vt -145.673 14.3375
vt -145.673 14.4772
vt -145.635 14.4772
# texture vertex indices from 949 to 952

f  814/949 818/950 807/951 806/952
vt -43.8286 14.4772
vt -40.6792 14.4772
vt -40.7254 14.3375
vt -43.8747 14.3375
# texture vertex indices from 953 to 956

f  808/953 807/954 818/955 810/956
vt -43.8747 -145.673
vt -40.7254 -145.673
vt -40.7254 -145.635
vt -43.8747 -145.635
# texture vertex indices from 957 to 960

f  810/957 818/958 814/959 811/960

g BEAM  Paint_-_Light_Gray

usemtl Paint_-_Light_Gray

v -4979.83 2932.62 0
v -5063.08 2932.62 38.8201
v -5063.08 2931.12 38.8201
v -4979.83 2931.12 0
v -4979.83 2931.12 0
v -4979.83 2931.12 -6.06858
v -4979.83 2932.62 -6.06858
v -4979.83 2932.62 0
v -4979.83 2932.62 -6.06858
v -5063.08 2932.62 32.7515
v -5063.08 2932.62 38.8201
v -4979.83 2932.62 0
v -5063.08 2932.62 32.7515
v -5063.08 2931.12 32.7515
v -5063.08 2931.12 38.8201
v -5063.08 2932.62 38.8201
v -4979.83 2931.12 0
v -5063.08 2931.12 38.8201
v -5063.08 2931.12 32.7515
v -4979.83 2931.12 -6.06858
v -4979.83 2931.12 -6.06858
v -5063.08 2931.12 32.7515
v -5063.08 2932.62 32.7515
v -4979.83 2932.62 -6.06858
# vertex indices from 829 to 852

s off
vt 114.637 74.4886
vt 116.97 74.4886
vt 116.97 74.4505
vt 114.637 74.4505
# texture vertex indices from 961 to 964

f  829/961 830/962 831/963 832/964
vt 74.4505 -53.456
vt 74.4505 -53.5957
vt 74.4886 -53.5957
vt 74.4886 -53.456
# texture vertex indices from 965 to 968

f  832/965 834/966 835/967 829/968
vt 114.572 -53.5957
vt 116.905 -53.5957
vt 116.97 -53.456
vt 114.637 -53.456
# texture vertex indices from 969 to 972

f  835/969 838/970 830/971 829/972
vt 74.4886 -53.5957
vt 74.4505 -53.5957
vt 74.4505 -53.456
vt 74.4886 -53.456
# texture vertex indices from 973 to 976

f  838/973 842/974 831/975 830/976
vt 114.637 -53.456
vt 116.97 -53.456
vt 116.905 -53.5957
vt 114.572 -53.5957
# texture vertex indices from 977 to 980

f  832/977 831/978 842/979 834/980
vt 114.572 74.4505
vt 116.905 74.4505
vt 116.905 74.4886
vt 114.572 74.4886
# texture vertex indices from 981 to 984

f  834/981 842/982 838/983 835/984

g BEAM  Paint_-_Light_Gray

usemtl Paint_-_Light_Gray

v -5135.08 3069.87 -6.06858
v -5135.08 2919.87 63.8776
v -5136.58 2919.87 63.8776
v -5136.58 3069.87 -6.06858
v -5136.58 3069.87 -6.06858
v -5136.58 3069.87 0
v -5135.08 3069.87 0
v -5135.08 3069.87 -6.06858
v -5135.08 3069.87 0
v -5135.08 2919.87 69.9461
v -5135.08 2919.87 63.8776
v -5135.08 3069.87 -6.06858
v -5135.08 2919.87 69.9461
v -5136.58 2919.87 69.9461
v -5136.58 2919.87 63.8776
v -5135.08 2919.87 63.8776
v -5136.58 3069.87 -6.06858
v -5136.58 2919.87 63.8776
v -5136.58 2919.87 69.9461
v -5136.58 3069.87 0
v -5136.58 3069.87 0
v -5136.58 2919.87 69.9461
v -5135.08 2919.87 69.9461
v -5135.08 3069.87 0
# vertex indices from 853 to 876

s off
vt -70.7343 130.431
vt -66.5304 130.431
vt -66.5304 130.469
vt -70.7343 130.469
# texture vertex indices from 985 to 988

f  853/985 854/986 855/987 856/988
vt 130.469 32.8139
vt 130.469 32.9536
vt 130.431 32.9536
vt 130.431 32.8139
# texture vertex indices from 989 to 992

f  856/989 858/990 859/991 853/992
vt -70.6691 32.9536
vt -66.4653 32.9536
vt -66.5304 32.8139
vt -70.7343 32.8139
# texture vertex indices from 993 to 996

f  859/993 862/994 854/995 853/996
vt 130.431 32.9536
vt 130.469 32.9536
vt 130.469 32.8139
vt 130.431 32.8139
# texture vertex indices from 997 to 1000

f  862/997 866/998 855/999 854/1000
vt -70.7343 32.8139
vt -66.5304 32.8139
vt -66.4653 32.9536
vt -70.6691 32.9536
# texture vertex indices from 1001 to 1004

f  856/1001 855/1002 866/1003 858/1004
vt -70.6691 130.469
vt -66.4653 130.469
vt -66.4653 130.431
vt -70.6691 130.431
# texture vertex indices from 1005 to 1008

f  858/1005 866/1006 862/1007 859/1008

g BEAM  Paint_-_Light_Gray

usemtl Paint_-_Light_Gray

v -5135.08 2769.87 0
v -5135.08 2919.87 69.9461
v -5136.58 2919.87 69.9461
v -5136.58 2769.87 0
v -5136.58 2769.87 0
v -5136.58 2769.87 -6.06858
v -5135.08 2769.87 -6.06858
v -5135.08 2769.87 0
v -5135.08 2769.87 -6.06858
v -5135.08 2919.87 63.8776
v -5135.08 2919.87 69.9461
v -5135.08 2769.87 0
v -5135.08 2919.87 63.8776
v -5136.58 2919.87 63.8776
v -5136.58 2919.87 69.9461
v -5135.08 2919.87 69.9461
v -5136.58 2769.87 0
v -5136.58 2919.87 69.9461
v -5136.58 2919.87 63.8776
v -5136.58 2769.87 -6.06858
v -5136.58 2769.87 -6.06858
v -5136.58 2919.87 63.8776
v -5135.08 2919.87 63.8776
v -5135.08 2769.87 -6.06858
# vertex indices from 877 to 900

s off
vt 63.7631 -130.431
vt 67.9669 -130.431
vt 67.9669 -130.469
vt 63.7631 -130.469
# texture vertex indices from 1009 to 1012

f  877/1009 878/1010 879/1011 880/1012
vt -130.469 -29.7332
vt -130.469 -29.8729
vt -130.431 -29.8729
vt -130.431 -29.7332
# texture vertex indices from 1013 to 1016

f  880/1013 882/1014 883/1015 877/1016
vt 63.6979 -29.8729
vt 67.9018 -29.8729
vt 67.9669 -29.7332
vt 63.7631 -29.7332
# texture vertex indices from 1017 to 1020

f  883/1017 886/1018 878/1019 877/1020
vt -130.431 -29.8729
vt -130.469 -29.8729
vt -130.469 -29.7332
vt -130.431 -29.7332
# texture vertex indices from 1021 to 1024

f  886/1021 890/1022 879/1023 878/1024
vt 63.7631 -29.7332
vt 67.9669 -29.7332
vt 67.9018 -29.8729
vt 63.6979 -29.8729
# texture vertex indices from 1025 to 1028

f  880/1025 879/1026 890/1027 882/1028
vt 63.6979 -130.469
vt 67.9018 -130.469
vt 67.9018 -130.431
vt 63.6979 -130.431
# texture vertex indices from 1029 to 1032

f  882/1029 890/1030 886/1031 883/1032

g BEAM  Paint_-_Light_Gray

usemtl Paint_-_Light_Gray

v -5111.08 3069.87 -6.06858
v -5111.08 2936.65 56.0526
v -5112.58 2936.65 56.0526
v -5112.58 3069.87 -6.06858
v -5112.58 3069.87 -6.06858
v -5112.58 3069.87 0
v -5111.08 3069.87 0
v -5111.08 3069.87 -6.06858
v -5111.08 3069.87 0
v -5111.08 2937.87 61.5526
v -5111.08 2936.65 56.0526
v -5111.08 3069.87 -6.06858
v -5111.08 2937.87 61.5526
v -5112.58 2937.87 61.5526
v -5112.58 2936.65 56.0526
v -5111.08 2936.65 56.0526
v -5112.58 3069.87 -6.06858
v -5112.58 2936.65 56.0526
v -5112.58 2937.87 61.5526
v -5112.58 3069.87 0
v -5112.58 3069.87 0
v -5112.58 2937.87 61.5526
v -5111.08 2937.87 61.5526
v -5111.08 3069.87 0
# vertex indices from 901 to 924

s off
vt -70.7343 129.821
vt -67.0007 129.821
vt -67.0007 129.859
vt -70.7343 129.859
# texture vertex indices from 1033 to 1036

f  901/1033 902/1034 903/1035 904/1036
vt 129.859 32.8139
vt 129.859 32.9536
vt 129.821 32.9536
vt 129.821 32.8139
# texture vertex indices from 1037 to 1040

f  904/1037 906/1038 907/1039 901/1040
vt -70.6691 32.9536
vt -66.9697 32.9536
vt -67.0007 32.8139
vt -70.7343 32.8139
# texture vertex indices from 1041 to 1044

f  907/1041 910/1042 902/1043 901/1044
vt 129.821 32.9536
vt 129.859 32.9536
vt 129.859 32.8139
vt 129.821 32.8139
# texture vertex indices from 1045 to 1048

f  910/1045 914/1046 903/1047 902/1048
vt -70.7343 32.8139
vt -67.0007 32.8139
vt -66.9697 32.9536
vt -70.6691 32.9536
# texture vertex indices from 1049 to 1052

f  904/1049 903/1050 914/1051 906/1052
vt -70.6691 129.859
vt -66.9697 129.859
vt -66.9697 129.821
vt -70.6691 129.821
# texture vertex indices from 1053 to 1056

f  906/1053 914/1054 910/1055 907/1056

g BEAM  Paint_-_Light_Gray

usemtl Paint_-_Light_Gray

v -5111.08 2769.87 0
v -5111.08 2901.87 61.5526
v -5112.58 2901.87 61.5526
v -5112.58 2769.87 0
v -5112.58 2769.87 0
v -5112.58 2769.87 -6.06858
v -5111.08 2769.87 -6.06858
v -5111.08 2769.87 0
v -5111.08 2769.87 -6.06858
v -5111.08 2903.09 56.0526
v -5111.08 2901.87 61.5526
v -5111.08 2769.87 0
v -5111.08 2903.09 56.0526
v -5112.58 2903.09 56.0526
v -5112.58 2901.87 61.5526
v -5111.08 2901.87 61.5526
v -5112.58 2769.87 0
v -5112.58 2901.87 61.5526
v -5112.58 2903.09 56.0526
v -5112.58 2769.87 -6.06858
v -5112.58 2769.87 -6.06858
v -5112.58 2903.09 56.0526
v -5111.08 2903.09 56.0526
v -5111.08 2769.87 -6.06858
# vertex indices from 925 to 948

s off
vt 63.7631 -129.821
vt 67.4625 -129.821
vt 67.4625 -129.859
vt 63.7631 -129.859
# texture vertex indices from 1057 to 1060

f  925/1057 926/1058 927/1059 928/1060
vt -129.859 -29.7332
vt -129.859 -29.8729
vt -129.821 -29.8729
vt -129.821 -29.7332
# texture vertex indices from 1061 to 1064

f  928/1061 930/1062 931/1063 925/1064
vt 63.6979 -29.8729
vt 67.4315 -29.8729
vt 67.4625 -29.7332
vt 63.7631 -29.7332
# texture vertex indices from 1065 to 1068

f  931/1065 934/1066 926/1067 925/1068
vt -129.821 -29.8729
vt -129.859 -29.8729
vt -129.859 -29.7332
vt -129.821 -29.7332
# texture vertex indices from 1069 to 1072

f  934/1069 938/1070 927/1071 926/1072
vt 63.7631 -29.7332
vt 67.4625 -29.7332
vt 67.4315 -29.8729
vt 63.6979 -29.8729
# texture vertex indices from 1073 to 1076

f  928/1073 927/1074 938/1075 930/1076
vt 63.6979 -129.859
vt 67.4315 -129.859
vt 67.4315 -129.821
vt 63.6979 -129.821
# texture vertex indices from 1077 to 1080

f  930/1077 938/1078 934/1079 931/1080

g BEAM  Paint_-_Light_Gray

usemtl Paint_-_Light_Gray

v -5086.33 3069.87 -6.06858
v -5086.33 2961.4 44.5115
v -5087.83 2961.4 44.5115
v -5087.83 3069.87 -6.06858
v -5087.83 3069.87 -6.06858
v -5087.83 3069.87 0
v -5086.33 3069.87 0
v -5086.33 3069.87 -6.06858
v -5086.33 3069.87 0
v -5086.33 2962.62 50.0115
v -5086.33 2961.4 44.5115
v -5086.33 3069.87 -6.06858
v -5086.33 2962.62 50.0115
v -5087.83 2962.62 50.0115
v -5087.83 2961.4 44.5115
v -5086.33 2961.4 44.5115
v -5087.83 3069.87 -6.06858
v -5087.83 2961.4 44.5115
v -5087.83 2962.62 50.0115
v -5087.83 3069.87 0
v -5087.83 3069.87 0
v -5087.83 2962.62 50.0115
v -5086.33 2962.62 50.0115
v -5086.33 3069.87 0
# vertex indices from 949 to 972

s off
vt -70.7343 129.193
vt -67.6943 129.193
vt -67.6943 129.231
vt -70.7343 129.231
# texture vertex indices from 1081 to 1084

f  949/1081 950/1082 951/1083 952/1084
vt 129.231 32.8139
vt 129.231 32.9536
vt 129.193 32.9536
vt 129.193 32.8139
# texture vertex indices from 1085 to 1088

f  952/1085 954/1086 955/1087 949/1088
vt -70.6691 32.9536
vt -67.6634 32.9536
vt -67.6943 32.8139
vt -70.7343 32.8139
# texture vertex indices from 1089 to 1092

f  955/1089 958/1090 950/1091 949/1092
vt 129.193 32.9536
vt 129.231 32.9536
vt 129.231 32.8139
vt 129.193 32.8139
# texture vertex indices from 1093 to 1096

f  958/1093 962/1094 951/1095 950/1096
vt -70.7343 32.8139
vt -67.6943 32.8139
vt -67.6634 32.9536
vt -70.6691 32.9536
# texture vertex indices from 1097 to 1100

f  952/1097 951/1098 962/1099 954/1100
vt -70.6691 129.231
vt -67.6634 129.231
vt -67.6634 129.193
vt -70.6691 129.193
# texture vertex indices from 1101 to 1104

f  954/1101 962/1102 958/1103 955/1104

g BEAM  Paint_-_Light_Gray

usemtl Paint_-_Light_Gray

v -5086.33 2769.87 0
v -5086.33 2877.12 50.0115
v -5087.83 2877.12 50.0115
v -5087.83 2769.87 0
v -5087.83 2769.87 0
v -5087.83 2769.87 -6.06858
v -5086.33 2769.87 -6.06858
v -5086.33 2769.87 0
v -5086.33 2769.87 -6.06858
v -5086.33 2878.34 44.5115
v -5086.33 2877.12 50.0115
v -5086.33 2769.87 0
v -5086.33 2878.34 44.5115
v -5087.83 2878.34 44.5115
v -5087.83 2877.12 50.0115
v -5086.33 2877.12 50.0115
v -5087.83 2769.87 0
v -5087.83 2877.12 50.0115
v -5087.83 2878.34 44.5115
v -5087.83 2769.87 -6.06858
v -5087.83 2769.87 -6.06858
v -5087.83 2878.34 44.5115
v -5086.33 2878.34 44.5115
v -5086.33 2769.87 -6.06858
# vertex indices from 973 to 996

s off
vt 63.7631 -129.193
vt 66.7688 -129.193
vt 66.7688 -129.231
vt 63.7631 -129.231
# texture vertex indices from 1105 to 1108

f  973/1105 974/1106 975/1107 976/1108
vt -129.231 -29.7332
vt -129.231 -29.8729
vt -129.193 -29.8729
vt -129.193 -29.7332
# texture vertex indices from 1109 to 1112

f  976/1109 978/1110 979/1111 973/1112
vt 63.6979 -29.8729
vt 66.7379 -29.8729
vt 66.7688 -29.7332
vt 63.7631 -29.7332
# texture vertex indices from 1113 to 1116

f  979/1113 982/1114 974/1115 973/1116
vt -129.193 -29.8729
vt -129.231 -29.8729
vt -129.231 -29.7332
vt -129.193 -29.7332
# texture vertex indices from 1117 to 1120

f  982/1117 986/1118 975/1119 974/1120
vt 63.7631 -29.7332
vt 66.7688 -29.7332
vt 66.7379 -29.8729
vt 63.6979 -29.8729
# texture vertex indices from 1121 to 1124

f  976/1121 975/1122 986/1123 978/1124
vt 63.6979 -129.231
vt 66.7379 -129.231
vt 66.7379 -129.193
vt 63.6979 -129.193
# texture vertex indices from 1125 to 1128

f  978/1125 986/1126 982/1127 979/1128

g BEAM  Paint_-_Light_Gray

usemtl Paint_-_Light_Gray

v -5064.58 3069.87 -6.06858
v -5063.08 3069.87 -6.06858
v -5063.08 2984.65 33.6698
v -5064.58 2984.65 33.6698
v -5063.61 2987.15 33.0968
v -5063.08 2986.62 33.0968
v -5063.08 2987.68 32.8491
v -5063.08 2984.65 33.6698
v -5063.08 2985.87 39.1698
v -5064.58 2985.87 39.1698
v -5064.58 2984.65 33.6698
v -5064.58 3069.87 0
v -5064.58 3069.87 -6.06858
v -5064.58 2984.65 33.6698
v -5064.58 2985.87 39.1698
v -5063.08 3069.87 -6.06858
v -5064.58 3069.87 -6.06858
v -5064.58 3069.87 0
v -5063.08 3069.87 0
v -5063.61 2987.15 33.0968
v -5063.08 2987.68 32.8491
v -5063.08 2987.68 38.3255
v -5063.61 2987.15 38.5728
v -5063.61 2987.15 33.0968
v -5063.61 2987.15 38.5728
v -5063.08 2986.62 38.8201
v -5063.08 2986.62 33.0968
v -5063.08 2987.68 32.8491
v -5063.08 2986.62 33.0968
v -5063.08 2986.62 38.8201
v -5063.08 2985.87 39.1698
v -5063.08 2984.65 33.6698
v -5063.08 3069.87 -6.06858
v -5063.08 3069.87 0
v -5063.08 2987.68 38.3255
v -5063.08 2985.87 39.1698
v -5063.08 2986.62 38.8201
v -5063.61 2987.15 38.5728
v -5063.08 2987.68 38.3255
v -5063.08 3069.87 0
v -5064.58 3069.87 0
v -5064.58 2985.87 39.1698
# vertex indices from 997 to 1038

s off
vt -70.7343 128.64
vt -70.7343 128.602
vt -68.3459 128.602
vt -68.3459 128.64
# texture vertex indices from 1129 to 1132

f  997/1129 998/1130 999/1131 1000/1132
vt -68.4096 128.616
vt -68.3974 128.602
vt -68.4245 128.602
# texture vertex indices from 1133 to 1135

f  1001/1133 1002/1134 1003/1135
vt 128.602 32.8139
vt 128.602 32.9536
vt 128.64 32.9536
vt 128.64 32.8139
# texture vertex indices from 1136 to 1139

f  999/1136 1005/1137 1006/1138 1000/1139
vt -70.6691 32.9536
vt -70.7343 32.8139
vt -68.3459 32.8139
vt -68.315 32.9536
# texture vertex indices from 1140 to 1143

f  1008/1140 997/1141 1000/1142 1006/1143
vt 128.602 32.8139
vt 128.64 32.8139
vt 128.64 32.9536
vt 128.602 32.9536
# texture vertex indices from 1144 to 1147

f  998/1144 997/1145 1008/1146 1015/1147
vt -68.4096 32.8275
vt -68.4245 32.8275
vt -68.3657 32.9536
vt -68.3508 32.9536
# texture vertex indices from 1148 to 1151

f  1001/1148 1003/1149 1018/1150 1019/1151
vt -68.4096 32.8275
vt -68.3508 32.9536
vt -68.336 32.9536
vt -68.3974 32.8218
# texture vertex indices from 1152 to 1155

f  1001/1152 1019/1153 1022/1154 1002/1155
vt -68.336 32.9536
vt -68.315 32.9536
vt -68.3459 32.8139
vt -68.3974 32.8218
vt -68.336 32.9536
vt -68.3459 32.8139
vt -70.6691 32.9536
vt -68.3657 32.9536
vt -68.4245 32.8275
vt -70.6691 32.9536
vt -68.4245 32.8275
vt -68.3974 32.8218
vt -70.6691 32.9536
vt -68.3974 32.8218
vt -68.3459 32.8139
vt -70.7343 32.8139
vt -70.6691 32.9536
vt -68.3459 32.8139
# texture vertex indices from 1156 to 1173

f  1022/1156 1005/1157 999/1158
f  1002/1159 1022/1160 999/1161
f  1015/1162 1018/1163 1003/1164
f  1015/1165 1003/1166 1002/1167
f  1015/1168 1002/1169 999/1170
f  998/1171 1015/1172 999/1173
vt -68.315 128.64
vt -68.315 128.602
vt -68.336 128.602
vt -68.315 128.64
vt -68.336 128.602
vt -68.3508 128.616
vt -70.6691 128.64
vt -68.315 128.64
vt -68.3508 128.616
vt -70.6691 128.64
vt -68.3508 128.616
vt -68.3657 128.602
vt -70.6691 128.64
vt -68.3657 128.602
vt -70.6691 128.602
# texture vertex indices from 1174 to 1188

f  1006/1174 1005/1175 1022/1176
f  1006/1177 1022/1178 1019/1179
f  1008/1180 1006/1181 1019/1182
f  1008/1183 1019/1184 1018/1185
f  1008/1186 1018/1187 1015/1188

g BEAM  Paint_-_Light_Gray

usemtl Paint_-_Light_Gray

v -5063.08 2769.87 -6.06858
v -5064.58 2769.87 -6.06858
v -5064.58 2855.09 33.6698
v -5063.08 2855.09 33.6698
v -5063.61 2852.59 33.0968
v -5063.08 2852.06 32.8491
v -5063.08 2853.12 33.0968
v -5063.08 2769.87 0
v -5064.58 2769.87 0
v -5064.58 2769.87 -6.06858
v -5063.08 2769.87 -6.06858
v -5064.58 2769.87 -6.06858
v -5064.58 2769.87 0
v -5064.58 2853.87 39.1698
v -5064.58 2855.09 33.6698
v -5063.08 2853.87 39.1698
v -5063.08 2855.09 33.6698
v -5064.58 2855.09 33.6698
v -5064.58 2853.87 39.1698
v -5063.61 2852.59 33.0968
v -5063.08 2853.12 33.0968
v -5063.08 2853.12 38.8201
v -5063.61 2852.59 38.5728
v -5063.61 2852.59 33.0968
v -5063.61 2852.59 38.5728
v -5063.08 2852.06 38.3255
v -5063.08 2852.06 32.8491
v -5063.08 2853.12 33.0968
v -5063.08 2852.06 32.8491
v -5063.08 2852.06 38.3255
v -5063.08 2769.87 0
v -5063.08 2769.87 -6.06858
v -5063.08 2855.09 33.6698
v -5063.08 2853.87 39.1698
v -5063.08 2853.12 38.8201
v -5063.08 2769.87 0
v -5063.08 2852.06 38.3255
v -5063.61 2852.59 38.5728
v -5063.08 2853.12 38.8201
v -5063.08 2853.87 39.1698
v -5064.58 2853.87 39.1698
v -5064.58 2769.87 0
# vertex indices from 1039 to 1080

s off
vt 63.6979 -128.602
vt 63.6979 -128.64
vt 66.0863 -128.64
vt 66.0863 -128.602
# texture vertex indices from 1189 to 1192

f  1039/1189 1040/1190 1041/1191 1042/1192
vt 66.0226 -128.616
vt 66.0077 -128.602
vt 66.0348 -128.602
# texture vertex indices from 1193 to 1195

f  1043/1193 1044/1194 1045/1195
vt -128.602 -29.7332
vt -128.64 -29.7332
vt -128.64 -29.8729
vt -128.602 -29.8729
# texture vertex indices from 1196 to 1199

f  1046/1196 1047/1197 1040/1198 1039/1199
vt 63.6979 -29.8729
vt 63.7631 -29.7332
vt 66.1172 -29.7332
vt 66.0863 -29.8729
# texture vertex indices from 1200 to 1203

f  1040/1200 1047/1201 1052/1202 1041/1203
vt -128.602 -29.7332
vt -128.602 -29.8729
vt -128.64 -29.8729
vt -128.64 -29.7332
# texture vertex indices from 1204 to 1207

f  1054/1204 1042/1205 1041/1206 1052/1207
vt 66.0226 -29.8593
vt 66.0348 -29.865
vt 66.0962 -29.7332
vt 66.0813 -29.7332
# texture vertex indices from 1208 to 1211

f  1043/1208 1045/1209 1060/1210 1061/1211
vt 66.0226 -29.8593
vt 66.0813 -29.7332
vt 66.0665 -29.7332
vt 66.0077 -29.8593
# texture vertex indices from 1212 to 1215

f  1043/1212 1061/1213 1064/1214 1044/1215
vt 66.0863 -29.8729
vt 66.1172 -29.7332
vt 66.0962 -29.7332
vt 66.0863 -29.8729
vt 66.0962 -29.7332
vt 66.0348 -29.865
vt 66.0077 -29.8593
vt 66.0665 -29.7332
vt 63.7631 -29.7332
vt 66.0348 -29.865
vt 66.0077 -29.8593
vt 63.7631 -29.7332
vt 66.0863 -29.8729
vt 66.0348 -29.865
vt 63.7631 -29.7332
vt 63.6979 -29.8729
vt 66.0863 -29.8729
vt 63.7631 -29.7332
# texture vertex indices from 1216 to 1233

f  1042/1216 1054/1217 1060/1218
f  1042/1219 1060/1220 1045/1221
f  1044/1222 1064/1223 1046/1224
f  1045/1225 1044/1226 1046/1227
f  1042/1228 1045/1229 1046/1230
f  1039/1231 1042/1232 1046/1233
vt 66.0962 -128.602
vt 66.1172 -128.602
vt 66.1172 -128.64
vt 66.0813 -128.616
vt 66.0962 -128.602
vt 66.1172 -128.64
vt 63.7631 -128.602
vt 66.0665 -128.602
vt 63.7631 -128.64
vt 63.7631 -128.64
vt 66.0665 -128.602
vt 66.0813 -128.616
vt 63.7631 -128.64
vt 66.0813 -128.616
vt 66.1172 -128.64
# texture vertex indices from 1234 to 1248

f  1060/1234 1054/1235 1052/1236
f  1061/1237 1060/1238 1052/1239
f  1046/1240 1064/1241 1047/1242
f  1047/1243 1064/1244 1061/1245
f  1047/1246 1061/1247 1052/1248

g BEAM  Paint_-_Light_Gray

usemtl Paint_-_Light_Gray

v -5040.58 3069.87 -6.06858
v -5039.08 3069.87 -6.06858
v -5039.08 3010.93 21.4153
v -5040.58 3010.93 21.4153
v -5039.83 3010.93 21.9881
v -5039.08 3010.93 21.813
v -5039.08 3011.68 21.6378
v -5040.58 3069.87 0
v -5040.58 3069.87 -6.06858
v -5040.58 3010.93 21.4153
v -5040.58 3010.93 27.4839
v -5039.08 3069.87 -6.06858
v -5040.58 3069.87 -6.06858
v -5040.58 3069.87 0
v -5039.08 3069.87 0
v -5039.08 3011.68 27.1341
v -5039.08 3011.68 21.6378
v -5039.08 3010.93 21.813
v -5039.08 3010.93 21.4153
v -5039.08 3069.87 -6.06858
v -5039.08 3069.87 0
v -5039.83 3010.93 21.9881
v -5039.08 3011.68 21.6378
v -5039.08 3011.68 27.1341
v -5039.83 3010.93 27.4839
v -5039.08 3010.93 21.813
v -5039.83 3010.93 21.9881
v -5039.83 3010.93 27.4839
v -5040.58 3010.93 27.4839
v -5040.58 3010.93 21.4153
v -5039.08 3010.93 21.4153
v -5040.58 3010.93 27.4839
v -5039.83 3010.93 27.4839
v -5039.08 3011.68 27.1341
v -5039.08 3069.87 0
v -5040.58 3069.87 0
# vertex indices from 1081 to 1116

s off
vt -70.7343 128.031
vt -70.7343 127.993
vt -69.0824 127.993
vt -69.0824 128.031
# texture vertex indices from 1249 to 1252

f  1081/1249 1082/1250 1083/1251 1084/1252
vt -69.0763 128.012
vt -69.0782 127.993
vt -69.0973 127.993
# texture vertex indices from 1253 to 1255

f  1085/1253 1086/1254 1087/1255
vt -70.6691 32.9536
vt -70.7343 32.8139
vt -69.0824 32.8139
vt -69.0173 32.9536
# texture vertex indices from 1256 to 1259

f  1088/1256 1081/1257 1084/1258 1091/1259
vt 127.993 32.8139
vt 128.031 32.8139
vt 128.031 32.9536
vt 127.993 32.9536
# texture vertex indices from 1260 to 1263

f  1082/1260 1081/1261 1088/1262 1095/1263
vt -69.0973 32.827
vt -69.0782 32.823
vt -69.0824 32.8139
vt -70.6691 32.9536
vt -69.0383 32.9536
vt -69.0973 32.827
vt -70.6691 32.9536
vt -69.0973 32.827
vt -69.0824 32.8139
vt -70.7343 32.8139
vt -70.6691 32.9536
vt -69.0824 32.8139
# texture vertex indices from 1264 to 1275

f  1087/1264 1086/1265 1083/1266
f  1095/1267 1096/1268 1087/1269
f  1095/1270 1087/1271 1083/1272
f  1082/1273 1095/1274 1083/1275
vt -69.0763 32.827
vt -69.0973 32.827
vt -69.0383 32.9536
vt -69.0173 32.9536
# texture vertex indices from 1276 to 1279

f  1085/1276 1087/1277 1096/1278 1105/1279
vt 128.012 32.827
vt 128.012 32.9536
vt 128.031 32.9536
vt 127.993 32.8139
vt 127.993 32.823
vt 128.031 32.8139
vt 128.031 32.8139
vt 127.993 32.823
vt 128.012 32.827
vt 128.031 32.8139
vt 128.012 32.827
vt 128.031 32.9536
# texture vertex indices from 1280 to 1291

f  1085/1280 1105/1281 1091/1282
f  1083/1283 1086/1284 1084/1285
f  1084/1286 1086/1287 1085/1288
f  1084/1289 1085/1290 1091/1291
vt -69.0173 128.031
vt -69.0173 128.012
vt -69.0383 127.993
vt -70.6691 127.993
vt -70.6691 128.031
# texture vertex indices from 1292 to 1296

f  1091/1292 1105/1293 1096/1294 1095/1295 1088/1296

g BEAM  Paint_-_Light_Gray

usemtl Paint_-_Light_Gray

v -5016.58 3069.87 -6.06858
v -5015.08 3069.87 -6.06858
v -5015.08 3034.93 10.2239
v -5016.58 3034.93 10.2239
v -5015.83 3034.93 10.7769
v -5015.08 3034.93 10.6017
v -5015.08 3035.68 10.4265
v -5016.58 3069.87 0
v -5016.58 3069.87 -6.06858
v -5016.58 3034.93 10.2239
v -5016.58 3034.93 16.2925
v -5015.08 3069.87 -6.06858
v -5016.58 3069.87 -6.06858
v -5016.58 3069.87 0
v -5015.08 3069.87 0
v -5015.08 3035.68 15.9428
v -5015.08 3035.68 10.4265
v -5015.08 3034.93 10.6017
v -5015.08 3034.93 10.2239
v -5015.08 3069.87 -6.06858
v -5015.08 3069.87 0
v -5015.83 3034.93 10.7769
v -5015.08 3035.68 10.4265
v -5015.08 3035.68 15.9428
v -5015.83 3034.93 16.2925
v -5015.08 3034.93 10.6017
v -5015.83 3034.93 10.7769
v -5015.83 3034.93 16.2925
v -5016.58 3034.93 16.2925
v -5016.58 3034.93 10.2239
v -5015.08 3034.93 10.2239
v -5016.58 3034.93 16.2925
v -5015.83 3034.93 16.2925
v -5015.08 3035.68 15.9428
v -5015.08 3069.87 0
v -5016.58 3069.87 0
# vertex indices from 1117 to 1152

s off
vt -70.7343 127.421
vt -70.7343 127.383
vt -69.7551 127.383
vt -69.7551 127.421
# texture vertex indices from 1297 to 1300

f  1117/1297 1118/1298 1119/1299 1120/1300
vt -69.7491 127.402
vt -69.751 127.383
vt -69.7702 127.383
# texture vertex indices from 1301 to 1303

f  1121/1301 1122/1302 1123/1303
vt -70.6691 32.9536
vt -70.7343 32.8139
vt -69.7551 32.8139
vt -69.6899 32.9536
# texture vertex indices from 1304 to 1307

f  1124/1304 1117/1305 1120/1306 1127/1307
vt 127.383 32.8139
vt 127.421 32.8139
vt 127.421 32.9536
vt 127.383 32.9536
# texture vertex indices from 1308 to 1311

f  1118/1308 1117/1309 1124/1310 1131/1311
vt -69.7702 32.8266
vt -69.751 32.8225
vt -69.7551 32.8139
vt -70.6691 32.9536
vt -69.7109 32.9536
vt -69.7702 32.8266
vt -70.6691 32.9536
vt -69.7702 32.8266
vt -69.7551 32.8139
vt -70.7343 32.8139
vt -70.6691 32.9536
vt -69.7551 32.8139
# texture vertex indices from 1312 to 1323

f  1123/1312 1122/1313 1119/1314
f  1131/1315 1132/1316 1123/1317
f  1131/1318 1123/1319 1119/1320
f  1118/1321 1131/1322 1119/1323
vt -69.7491 32.8266
vt -69.7702 32.8266
vt -69.7109 32.9536
vt -69.6899 32.9536
# texture vertex indices from 1324 to 1327

f  1121/1324 1123/1325 1132/1326 1141/1327
vt 127.402 32.8266
vt 127.402 32.9536
vt 127.421 32.9536
vt 127.383 32.8139
vt 127.383 32.8225
vt 127.421 32.8139
vt 127.421 32.8139
vt 127.383 32.8225
vt 127.402 32.8266
vt 127.421 32.8139
vt 127.402 32.8266
vt 127.421 32.9536
# texture vertex indices from 1328 to 1339

f  1121/1328 1141/1329 1127/1330
f  1119/1331 1122/1332 1120/1333
f  1120/1334 1122/1335 1121/1336
f  1120/1337 1121/1338 1127/1339
vt -69.6899 127.421
vt -69.6899 127.402
vt -69.7109 127.383
vt -70.6691 127.383
vt -70.6691 127.421
# texture vertex indices from 1340 to 1344

f  1127/1340 1141/1341 1132/1342 1131/1343 1124/1344

g BEAM  Paint_-_Light_Gray

usemtl Paint_-_Light_Gray

v -4979.83 2956.62 0
v -5063.08 2956.62 38.8201
v -5063.08 2955.12 38.8201
v -4979.83 2955.12 0
v -4979.83 2955.12 0
v -4979.83 2955.12 -6.06858
v -4979.83 2956.62 -6.06858
v -4979.83 2956.62 0
v -4979.83 2956.62 -6.06858
v -5063.08 2956.62 32.7515
v -5063.08 2956.62 38.8201
v -4979.83 2956.62 0
v -5063.08 2956.62 32.7515
v -5063.08 2955.12 32.7515
v -5063.08 2955.12 38.8201
v -5063.08 2956.62 38.8201
v -4979.83 2955.12 0
v -5063.08 2955.12 38.8201
v -5063.08 2955.12 32.7515
v -4979.83 2955.12 -6.06858
v -4979.83 2955.12 -6.06858
v -5063.08 2955.12 32.7515
v -5063.08 2956.62 32.7515
v -4979.83 2956.62 -6.06858
# vertex indices from 1153 to 1176

s off
vt 114.637 75.0982
vt 116.97 75.0982
vt 116.97 75.0601
vt 114.637 75.0601
# texture vertex indices from 1345 to 1348

f  1153/1345 1154/1346 1155/1347 1156/1348
vt 75.0601 -53.456
vt 75.0601 -53.5957
vt 75.0982 -53.5957
vt 75.0982 -53.456
# texture vertex indices from 1349 to 1352

f  1156/1349 1158/1350 1159/1351 1153/1352
vt 114.572 -53.5957
vt 116.905 -53.5957
vt 116.97 -53.456
vt 114.637 -53.456
# texture vertex indices from 1353 to 1356

f  1159/1353 1162/1354 1154/1355 1153/1356
vt 75.0982 -53.5957
vt 75.0601 -53.5957
vt 75.0601 -53.456
vt 75.0982 -53.456
# texture vertex indices from 1357 to 1360

f  1162/1357 1166/1358 1155/1359 1154/1360
vt 114.637 -53.456
vt 116.97 -53.456
vt 116.905 -53.5957
vt 114.572 -53.5957
# texture vertex indices from 1361 to 1364

f  1156/1361 1155/1362 1166/1363 1158/1364
vt 114.572 75.0601
vt 116.905 75.0601
vt 116.905 75.0982
vt 114.572 75.0982
# texture vertex indices from 1365 to 1368

f  1158/1365 1166/1366 1162/1367 1159/1368

g BEAM  Paint_-_Light_Gray

usemtl Paint_-_Light_Gray

v -4979.83 2980.62 0
v -5063.08 2980.62 38.8201
v -5063.08 2979.12 38.8201
v -4979.83 2979.12 0
v -4979.83 2979.12 0
v -4979.83 2979.12 -6.06858
v -4979.83 2980.62 -6.06858
v -4979.83 2980.62 0
v -4979.83 2980.62 -6.06858
v -5063.08 2980.62 32.7515
v -5063.08 2980.62 38.8201
v -4979.83 2980.62 0
v -5063.08 2980.62 32.7515
v -5063.08 2979.12 32.7515
v -5063.08 2979.12 38.8201
v -5063.08 2980.62 38.8201
v -4979.83 2979.12 0
v -5063.08 2979.12 38.8201
v -5063.08 2979.12 32.7515
v -4979.83 2979.12 -6.06858
v -4979.83 2979.12 -6.06858
v -5063.08 2979.12 32.7515
v -5063.08 2980.62 32.7515
v -4979.83 2980.62 -6.06858
# vertex indices from 1177 to 1200

s off
vt 114.637 75.7078
vt 116.97 75.7078
vt 116.97 75.6697
vt 114.637 75.6697
# texture vertex indices from 1369 to 1372

f  1177/1369 1178/1370 1179/1371 1180/1372
vt 75.6697 -53.456
vt 75.6697 -53.5957
vt 75.7078 -53.5957
vt 75.7078 -53.456
# texture vertex indices from 1373 to 1376

f  1180/1373 1182/1374 1183/1375 1177/1376
vt 114.572 -53.5957
vt 116.905 -53.5957
vt 116.97 -53.456
vt 114.637 -53.456
# texture vertex indices from 1377 to 1380

f  1183/1377 1186/1378 1178/1379 1177/1380
vt 75.7078 -53.5957
vt 75.6697 -53.5957
vt 75.6697 -53.456
vt 75.7078 -53.456
# texture vertex indices from 1381 to 1384

f  1186/1381 1190/1382 1179/1383 1178/1384
vt 114.637 -53.456
vt 116.97 -53.456
vt 116.905 -53.5957
vt 114.572 -53.5957
# texture vertex indices from 1385 to 1388

f  1180/1385 1179/1386 1190/1387 1182/1388
vt 114.572 75.6697
vt 116.905 75.6697
vt 116.905 75.7078
vt 114.572 75.7078
# texture vertex indices from 1389 to 1392

f  1182/1389 1190/1390 1186/1391 1183/1392

g BEAM  Paint_-_Light_Gray

usemtl Paint_-_Light_Gray

v -4979.83 3003.12 -6.06858
v -4979.83 3003.12 0
v -5044.77 3003.12 30.2817
v -5044.77 3003.12 24.2131
v -4979.83 3004.62 -6.06858
v -4979.83 3003.12 -6.06858
v -5044.77 3003.12 24.2131
v -5044.77 3004.62 24.2131
v -4979.83 3004.62 0
v -4979.83 3003.12 0
v -4979.83 3003.12 -6.06858
v -4979.83 3004.62 -6.06858
v -4979.83 3004.62 0
v -5044.02 3004.62 29.932
v -5044.77 3003.87 30.2817
v -5044.77 3003.12 30.2817
v -4979.83 3003.12 0
v -5044.77 3003.87 24.791
v -5044.77 3003.87 30.2817
v -5044.02 3004.62 29.932
v -5044.02 3004.62 24.4406
v -5044.77 3003.87 24.791
v -5044.02 3004.62 24.4406
v -5044.77 3004.62 24.6158
v -5044.77 3003.87 30.2817
v -5044.77 3003.87 24.791
v -5044.77 3004.62 24.6158
v -5044.77 3004.62 24.2131
v -5044.77 3003.12 24.2131
v -5044.77 3003.12 30.2817
v -5044.77 3004.62 24.2131
v -5044.77 3004.62 24.6158
v -5044.02 3004.62 24.4406
v -5044.02 3004.62 29.932
v -4979.83 3004.62 0
v -4979.83 3004.62 -6.06858
# vertex indices from 1201 to 1236

s off
vt 114.572 -53.5957
vt 114.637 -53.456
vt 116.457 -53.456
vt 116.392 -53.5957
# texture vertex indices from 1393 to 1396

f  1201/1393 1202/1394 1203/1395 1204/1396
vt 114.572 76.3174
vt 114.572 76.2793
vt 116.392 76.2793
vt 116.392 76.3174
# texture vertex indices from 1397 to 1400

f  1205/1397 1201/1398 1204/1399 1208/1400
vt 76.3174 -53.456
vt 76.2793 -53.456
vt 76.2793 -53.5957
vt 76.3174 -53.5957
# texture vertex indices from 1401 to 1404

f  1209/1401 1202/1402 1201/1403 1205/1404
vt 114.637 76.3174
vt 116.436 76.3174
vt 116.457 76.2983
vt 116.457 76.2793
vt 114.637 76.2793
# texture vertex indices from 1405 to 1409

f  1209/1405 1214/1406 1215/1407 1203/1408 1202/1409
vt 116.398 -53.5824
vt 116.457 -53.456
vt 116.436 -53.456
vt 116.377 -53.5824
# texture vertex indices from 1410 to 1413

f  1218/1410 1215/1411 1214/1412 1221/1413
vt 116.398 76.2983
vt 116.377 76.3174
vt 116.396 76.3174
# texture vertex indices from 1414 to 1416

f  1218/1414 1221/1415 1224/1416
vt 76.2793 -53.456
vt 76.2983 -53.456
vt 76.2983 -53.5824
vt 76.2793 -53.5957
vt 76.2793 -53.456
vt 76.2983 -53.5824
vt 76.2793 -53.5957
vt 76.2983 -53.5824
vt 76.3174 -53.5864
vt 76.2793 -53.5957
vt 76.3174 -53.5864
vt 76.3174 -53.5957
# texture vertex indices from 1417 to 1428

f  1203/1417 1215/1418 1218/1419
f  1204/1420 1203/1421 1218/1422
f  1204/1423 1218/1424 1224/1425
f  1204/1426 1224/1427 1208/1428
vt 116.392 -53.5957
vt 116.396 -53.5864
vt 116.377 -53.5824
vt 116.377 -53.5824
vt 116.436 -53.456
vt 114.637 -53.456
vt 116.392 -53.5957
vt 116.377 -53.5824
vt 114.637 -53.456
vt 114.572 -53.5957
vt 116.392 -53.5957
vt 114.637 -53.456
# texture vertex indices from 1429 to 1440

f  1208/1429 1224/1430 1221/1431
f  1221/1432 1214/1433 1209/1434
f  1208/1435 1221/1436 1209/1437
f  1205/1438 1208/1439 1209/1440

g BEAM  Paint_-_Light_Gray

usemtl Paint_-_Light_Gray

v -4979.83 3027.12 -6.06858
v -4979.83 3027.12 0
v -5020.77 3027.12 19.0903
v -5020.77 3027.12 13.0217
v -4979.83 3028.62 -6.06858
v -4979.83 3027.12 -6.06858
v -5020.77 3027.12 13.0217
v -5020.77 3028.62 13.0217
v -4979.83 3028.62 0
v -4979.83 3027.12 0
v -4979.83 3027.12 -6.06858
v -4979.83 3028.62 -6.06858
v -4979.83 3028.62 0
v -5020.02 3028.62 18.7406
v -5020.77 3027.87 19.0903
v -5020.77 3027.12 19.0903
v -4979.83 3027.12 0
v -5020.77 3027.87 13.5797
v -5020.77 3027.87 19.0903
v -5020.02 3028.62 18.7406
v -5020.02 3028.62 13.2293
v -5020.77 3027.87 13.5797
v -5020.02 3028.62 13.2293
v -5020.77 3028.62 13.4045
v -5020.77 3027.87 19.0903
v -5020.77 3027.87 13.5797
v -5020.77 3028.62 13.4045
v -5020.77 3028.62 13.0217
v -5020.77 3027.12 13.0217
v -5020.77 3027.12 19.0903
v -5020.77 3028.62 13.0217
v -5020.77 3028.62 13.4045
v -5020.02 3028.62 13.2293
v -5020.02 3028.62 18.7406
v -4979.83 3028.62 0
v -4979.83 3028.62 -6.06858
# vertex indices from 1237 to 1272

s off
vt 114.572 -53.5957
vt 114.637 -53.456
vt 115.784 -53.456
vt 115.719 -53.5957
# texture vertex indices from 1441 to 1444

f  1237/1441 1238/1442 1239/1443 1240/1444
vt 114.572 76.927
vt 114.572 76.8889
vt 115.719 76.8889
vt 115.719 76.927
# texture vertex indices from 1445 to 1448

f  1241/1445 1237/1446 1240/1447 1244/1448
vt 76.927 -53.456
vt 76.8889 -53.456
vt 76.8889 -53.5957
vt 76.927 -53.5957
# texture vertex indices from 1449 to 1452

f  1245/1449 1238/1450 1237/1451 1241/1452
vt 114.637 76.927
vt 115.763 76.927
vt 115.784 76.9079
vt 115.784 76.8889
vt 114.637 76.8889
# texture vertex indices from 1453 to 1457

f  1245/1453 1250/1454 1251/1455 1239/1456 1238/1457
vt 115.725 -53.5828
vt 115.784 -53.456
vt 115.763 -53.456
vt 115.704 -53.5828
# texture vertex indices from 1458 to 1461

f  1254/1458 1251/1459 1250/1460 1257/1461
vt 115.725 76.9079
vt 115.704 76.927
vt 115.723 76.927
# texture vertex indices from 1462 to 1464

f  1254/1462 1257/1463 1260/1464
vt 76.8889 -53.456
vt 76.9079 -53.456
vt 76.9079 -53.5828
vt 76.8889 -53.5957
vt 76.8889 -53.456
vt 76.9079 -53.5828
vt 76.8889 -53.5957
vt 76.9079 -53.5828
vt 76.927 -53.5869
vt 76.8889 -53.5957
vt 76.927 -53.5869
vt 76.927 -53.5957
# texture vertex indices from 1465 to 1476

f  1239/1465 1251/1466 1254/1467
f  1240/1468 1239/1469 1254/1470
f  1240/1471 1254/1472 1260/1473
f  1240/1474 1260/1475 1244/1476
vt 115.719 -53.5957
vt 115.723 -53.5869
vt 115.704 -53.5828
vt 115.704 -53.5828
vt 115.763 -53.456
vt 114.637 -53.456
vt 115.719 -53.5957
vt 115.704 -53.5828
vt 114.637 -53.456
vt 114.572 -53.5957
vt 115.719 -53.5957
vt 114.637 -53.456
# texture vertex indices from 1477 to 1488

f  1244/1477 1260/1478 1257/1479
f  1257/1480 1250/1481 1245/1482
f  1244/1483 1257/1484 1245/1485
f  1241/1486 1244/1487 1245/1488

g BEAM  Paint_-_Light_Gray

usemtl Paint_-_Light_Gray

v -4979.83 2907.12 -6.06858
v -5063.08 2907.12 32.7515
v -5063.08 2908.62 32.7515
v -4979.83 2908.62 -6.06858
v -4979.83 2908.62 -6.06858
v -4979.83 2908.62 0
v -4979.83 2907.12 0
v -4979.83 2907.12 -6.06858
v -4979.83 2907.12 0
v -5063.08 2907.12 38.8201
v -5063.08 2907.12 32.7515
v -4979.83 2907.12 -6.06858
v -5063.08 2907.12 38.8201
v -5063.08 2908.62 38.8201
v -5063.08 2908.62 32.7515
v -5063.08 2907.12 32.7515
v -4979.83 2908.62 -6.06858
v -5063.08 2908.62 32.7515
v -5063.08 2908.62 38.8201
v -4979.83 2908.62 0
v -4979.83 2908.62 0
v -5063.08 2908.62 38.8201
v -5063.08 2907.12 38.8201
v -4979.83 2907.12 0
# vertex indices from 1273 to 1296

s off
vt 114.572 73.8409
vt 116.905 73.8409
vt 116.905 73.879
vt 114.572 73.879
# texture vertex indices from 1489 to 1492

f  1273/1489 1274/1490 1275/1491 1276/1492
vt 73.879 -53.5957
vt 73.879 -53.456
vt 73.8409 -53.456
vt 73.8409 -53.5957
# texture vertex indices from 1493 to 1496

f  1276/1493 1278/1494 1279/1495 1273/1496
vt 114.637 -53.456
vt 116.97 -53.456
vt 116.905 -53.5957
vt 114.572 -53.5957
# texture vertex indices from 1497 to 1500

f  1279/1497 1282/1498 1274/1499 1273/1500
vt 73.8409 -53.456
vt 73.879 -53.456
vt 73.879 -53.5957
vt 73.8409 -53.5957
# texture vertex indices from 1501 to 1504

f  1282/1501 1286/1502 1275/1503 1274/1504
vt 114.572 -53.5957
vt 116.905 -53.5957
vt 116.97 -53.456
vt 114.637 -53.456
# texture vertex indices from 1505 to 1508

f  1276/1505 1275/1506 1286/1507 1278/1508
vt 114.637 73.879
vt 116.97 73.879
vt 116.97 73.8409
vt 114.637 73.8409
# texture vertex indices from 1509 to 1512

f  1278/1509 1286/1510 1282/1511 1279/1512

g BEAM  Paint_-_Light_Gray

usemtl Paint_-_Light_Gray

v -4979.83 2883.12 -6.06858
v -5063.08 2883.12 32.7515
v -5063.08 2884.62 32.7515
v -4979.83 2884.62 -6.06858
v -4979.83 2884.62 -6.06858
v -4979.83 2884.62 0
v -4979.83 2883.12 0
v -4979.83 2883.12 -6.06858
v -4979.83 2883.12 0
v -5063.08 2883.12 38.8201
v -5063.08 2883.12 32.7515
v -4979.83 2883.12 -6.06858
v -5063.08 2883.12 38.8201
v -5063.08 2884.62 38.8201
v -5063.08 2884.62 32.7515
v -5063.08 2883.12 32.7515
v -4979.83 2884.62 -6.06858
v -5063.08 2884.62 32.7515
v -5063.08 2884.62 38.8201
v -4979.83 2884.62 0
v -4979.83 2884.62 0
v -5063.08 2884.62 38.8201
v -5063.08 2883.12 38.8201
v -4979.83 2883.12 0
# vertex indices from 1297 to 1320

s off
vt 114.572 73.2313
vt 116.905 73.2313
vt 116.905 73.2694
vt 114.572 73.2694
# texture vertex indices from 1513 to 1516

f  1297/1513 1298/1514 1299/1515 1300/1516
vt 73.2694 -53.5957
vt 73.2694 -53.456
vt 73.2313 -53.456
vt 73.2313 -53.5957
# texture vertex indices from 1517 to 1520

f  1300/1517 1302/1518 1303/1519 1297/1520
vt 114.637 -53.456
vt 116.97 -53.456
vt 116.905 -53.5957
vt 114.572 -53.5957
# texture vertex indices from 1521 to 1524

f  1303/1521 1306/1522 1298/1523 1297/1524
vt 73.2313 -53.456
vt 73.2694 -53.456
vt 73.2694 -53.5957
vt 73.2313 -53.5957
# texture vertex indices from 1525 to 1528

f  1306/1525 1310/1526 1299/1527 1298/1528
vt 114.572 -53.5957
vt 116.905 -53.5957
vt 116.97 -53.456
vt 114.637 -53.456
# texture vertex indices from 1529 to 1532

f  1300/1529 1299/1530 1310/1531 1302/1532
vt 114.637 73.2694
vt 116.97 73.2694
vt 116.97 73.2313
vt 114.637 73.2313
# texture vertex indices from 1533 to 1536

f  1302/1533 1310/1534 1306/1535 1303/1536

g BEAM  Paint_-_Light_Gray

usemtl Paint_-_Light_Gray

v -4979.83 2859.12 -6.06858
v -5063.08 2859.12 32.7515
v -5063.08 2860.62 32.7515
v -4979.83 2860.62 -6.06858
v -4979.83 2860.62 -6.06858
v -4979.83 2860.62 0
v -4979.83 2859.12 0
v -4979.83 2859.12 -6.06858
v -4979.83 2859.12 0
v -5063.08 2859.12 38.8201
v -5063.08 2859.12 32.7515
v -4979.83 2859.12 -6.06858
v -5063.08 2859.12 38.8201
v -5063.08 2860.62 38.8201
v -5063.08 2860.62 32.7515
v -5063.08 2859.12 32.7515
v -4979.83 2860.62 -6.06858
v -5063.08 2860.62 32.7515
v -5063.08 2860.62 38.8201
v -4979.83 2860.62 0
v -4979.83 2860.62 0
v -5063.08 2860.62 38.8201
v -5063.08 2859.12 38.8201
v -4979.83 2859.12 0
# vertex indices from 1321 to 1344

s off
vt 114.572 72.6217
vt 116.905 72.6217
vt 116.905 72.6598
vt 114.572 72.6598
# texture vertex indices from 1537 to 1540

f  1321/1537 1322/1538 1323/1539 1324/1540
vt 72.6598 -53.5957
vt 72.6598 -53.456
vt 72.6217 -53.456
vt 72.6217 -53.5957
# texture vertex indices from 1541 to 1544

f  1324/1541 1326/1542 1327/1543 1321/1544
vt 114.637 -53.456
vt 116.97 -53.456
vt 116.905 -53.5957
vt 114.572 -53.5957
# texture vertex indices from 1545 to 1548

f  1327/1545 1330/1546 1322/1547 1321/1548
vt 72.6217 -53.456
vt 72.6598 -53.456
vt 72.6598 -53.5957
vt 72.6217 -53.5957
# texture vertex indices from 1549 to 1552

f  1330/1549 1334/1550 1323/1551 1322/1552
vt 114.572 -53.5957
vt 116.905 -53.5957
vt 116.97 -53.456
vt 114.637 -53.456
# texture vertex indices from 1553 to 1556

f  1324/1553 1323/1554 1334/1555 1326/1556
vt 114.637 72.6598
vt 116.97 72.6598
vt 116.97 72.6217
vt 114.637 72.6217
# texture vertex indices from 1557 to 1560

f  1326/1557 1334/1558 1330/1559 1327/1560

g BEAM  Paint_-_Light_Gray

usemtl Paint_-_Light_Gray

v -5063.08 2984.65 33.6698
v -5063.08 2855.09 33.6698
v -5064.58 2855.09 33.6698
v -5064.58 2984.65 33.6698
v -5064.58 2984.65 33.6698
v -5064.58 2985.87 39.1698
v -5063.08 2985.87 39.1698
v -5063.08 2984.65 33.6698
v -5063.08 2985.87 39.1698
v -5063.08 2853.87 39.1698
v -5063.08 2855.09 33.6698
v -5063.08 2984.65 33.6698
v -5063.08 2853.87 39.1698
v -5064.58 2853.87 39.1698
v -5064.58 2855.09 33.6698
v -5063.08 2855.09 33.6698
v -5064.58 2984.65 33.6698
v -5064.58 2855.09 33.6698
v -5064.58 2853.87 39.1698
v -5064.58 2985.87 39.1698
v -5064.58 2985.87 39.1698
v -5064.58 2853.87 39.1698
v -5063.08 2853.87 39.1698
v -5063.08 2985.87 39.1698
# vertex indices from 1345 to 1368

s off
vt -75.8102 128.602
vt -72.5193 128.602
vt -72.5193 128.64
vt -75.8102 128.64
# texture vertex indices from 1561 to 1564

f  1345/1561 1346/1562 1347/1563 1348/1564
vt 128.64 0.855214
vt 128.64 0.994914
vt 128.602 0.994914
vt 128.602 0.855214
# texture vertex indices from 1565 to 1568

f  1348/1565 1350/1566 1351/1567 1345/1568
vt -75.8411 0.994914
vt -72.4883 0.994914
vt -72.5193 0.855214
vt -75.8102 0.855214
# texture vertex indices from 1569 to 1572

f  1351/1569 1354/1570 1346/1571 1345/1572
vt 128.602 0.994914
vt 128.64 0.994914
vt 128.64 0.855214
vt 128.602 0.855214
# texture vertex indices from 1573 to 1576

f  1354/1573 1358/1574 1347/1575 1346/1576
vt -75.8102 0.855214
vt -72.5193 0.855214
vt -72.4883 0.994914
vt -75.8411 0.994914
# texture vertex indices from 1577 to 1580

f  1348/1577 1347/1578 1358/1579 1350/1580
vt -75.8411 128.64
vt -72.4883 128.64
vt -72.4883 128.602
vt -75.8411 128.602
# texture vertex indices from 1581 to 1584

f  1350/1581 1358/1582 1354/1583 1351/1584

g BEAM  Paint_-_Light_Gray

usemtl Paint_-_Light_Gray

v -5086.33 2961.4 44.5115
v -5086.33 2878.34 44.5115
v -5087.83 2878.34 44.5115
v -5087.83 2961.4 44.5115
v -5087.83 2961.4 44.5115
v -5087.83 2962.62 50.0115
v -5086.33 2962.62 50.0115
v -5086.33 2961.4 44.5115
v -5086.33 2962.62 50.0115
v -5086.33 2877.12 50.0115
v -5086.33 2878.34 44.5115
v -5086.33 2961.4 44.5115
v -5086.33 2877.12 50.0115
v -5087.83 2877.12 50.0115
v -5087.83 2878.34 44.5115
v -5086.33 2878.34 44.5115
v -5087.83 2961.4 44.5115
v -5087.83 2878.34 44.5115
v -5087.83 2877.12 50.0115
v -5087.83 2962.62 50.0115
v -5087.83 2962.62 50.0115
v -5087.83 2877.12 50.0115
v -5086.33 2877.12 50.0115
v -5086.33 2962.62 50.0115
# vertex indices from 1369 to 1392

s off
vt -75.2196 129.193
vt -73.1099 129.193
vt -73.1099 129.231
vt -75.2196 129.231
# texture vertex indices from 1585 to 1588

f  1369/1585 1370/1586 1371/1587 1372/1588
vt 129.231 1.13059
vt 129.231 1.27029
vt 129.193 1.27029
vt 129.193 1.13059
# texture vertex indices from 1589 to 1592

f  1372/1589 1374/1590 1375/1591 1369/1592
vt -75.2506 1.27029
vt -73.0789 1.27029
vt -73.1099 1.13059
vt -75.2196 1.13059
# texture vertex indices from 1593 to 1596

f  1375/1593 1378/1594 1370/1595 1369/1596
vt 129.193 1.27029
vt 129.231 1.27029
vt 129.231 1.13059
vt 129.193 1.13059
# texture vertex indices from 1597 to 1600

f  1378/1597 1382/1598 1371/1599 1370/1600
vt -75.2196 1.13059
vt -73.1099 1.13059
vt -73.0789 1.27029
vt -75.2506 1.27029
# texture vertex indices from 1601 to 1604

f  1372/1601 1371/1602 1382/1603 1374/1604
vt -75.2506 129.231
vt -73.0789 129.231
vt -73.0789 129.193
vt -75.2506 129.193
# texture vertex indices from 1605 to 1608

f  1374/1605 1382/1606 1378/1607 1375/1608

g BEAM  Paint_-_Light_Gray

usemtl Paint_-_Light_Gray

v -5111.08 2936.65 56.0526
v -5111.08 2903.09 56.0526
v -5112.58 2903.09 56.0526
v -5112.58 2936.65 56.0526
v -5112.58 2936.65 56.0526
v -5112.58 2937.87 61.5526
v -5111.08 2937.87 61.5526
v -5111.08 2936.65 56.0526
v -5111.08 2937.87 61.5526
v -5111.08 2901.87 61.5526
v -5111.08 2903.09 56.0526
v -5111.08 2936.65 56.0526
v -5111.08 2901.87 61.5526
v -5112.58 2901.87 61.5526
v -5112.58 2903.09 56.0526
v -5111.08 2903.09 56.0526
v -5112.58 2936.65 56.0526
v -5112.58 2903.09 56.0526
v -5112.58 2901.87 61.5526
v -5112.58 2937.87 61.5526
v -5112.58 2937.87 61.5526
v -5112.58 2901.87 61.5526
v -5111.08 2901.87 61.5526
v -5111.08 2937.87 61.5526
# vertex indices from 1393 to 1416

s off
vt -74.591 129.821
vt -73.7385 129.821
vt -73.7385 129.859
vt -74.591 129.859
# texture vertex indices from 1609 to 1612

f  1393/1609 1394/1610 1395/1611 1396/1612
vt 129.859 1.42374
vt 129.859 1.56344
vt 129.821 1.56344
vt 129.821 1.42374
# texture vertex indices from 1613 to 1616

f  1396/1613 1398/1614 1399/1615 1393/1616
vt -74.6219 1.56344
vt -73.7075 1.56344
vt -73.7385 1.42374
vt -74.591 1.42374
# texture vertex indices from 1617 to 1620

f  1399/1617 1402/1618 1394/1619 1393/1620
vt 129.821 1.56344
vt 129.859 1.56344
vt 129.859 1.42374
vt 129.821 1.42374
# texture vertex indices from 1621 to 1624

f  1402/1621 1406/1622 1395/1623 1394/1624
vt -74.591 1.42374
vt -73.7385 1.42374
vt -73.7075 1.56344
vt -74.6219 1.56344
# texture vertex indices from 1625 to 1628

f  1396/1625 1395/1626 1406/1627 1398/1628
vt -74.6219 129.859
vt -73.7075 129.859
vt -73.7075 129.821
vt -74.6219 129.821
# texture vertex indices from 1629 to 1632

f  1398/1629 1406/1630 1402/1631 1399/1632

g BEAM  Paint_-_Light_Gray

usemtl Paint_-_Light_Gray

v -4979.83 2836.62 -6.06858
v -4979.83 2835.12 -6.06858
v -5044.77 2835.12 24.2131
v -5044.77 2836.62 24.2131
v -5044.77 2835.87 24.791
v -5044.77 2835.12 24.6158
v -5044.02 2835.12 24.4406
v -4979.83 2836.62 0
v -4979.83 2836.62 -6.06858
v -5044.77 2836.62 24.2131
v -5044.77 2836.62 30.2817
v -4979.83 2835.12 -6.06858
v -4979.83 2836.62 -6.06858
v -4979.83 2836.62 0
v -4979.83 2835.12 0
v -5044.02 2835.12 29.932
v -5044.02 2835.12 24.4406
v -5044.77 2835.12 24.6158
v -5044.77 2835.12 24.2131
v -4979.83 2835.12 -6.06858
v -4979.83 2835.12 0
v -5044.77 2835.87 24.791
v -5044.02 2835.12 24.4406
v -5044.02 2835.12 29.932
v -5044.77 2835.87 30.2817
v -5044.77 2835.12 24.6158
v -5044.77 2835.87 24.791
v -5044.77 2835.87 30.2817
v -5044.77 2836.62 30.2817
v -5044.77 2836.62 24.2131
v -5044.77 2835.12 24.2131
v -5044.77 2836.62 30.2817
v -5044.77 2835.87 30.2817
v -5044.02 2835.12 29.932
v -4979.83 2835.12 0
v -4979.83 2836.62 0
# vertex indices from 1417 to 1452

s off
vt 114.572 72.0502
vt 114.572 72.0121
vt 116.392 72.0121
vt 116.392 72.0502
# texture vertex indices from 1633 to 1636

f  1417/1633 1418/1634 1419/1635 1420/1636
vt 116.398 72.0311
vt 116.396 72.0121
vt 116.377 72.0121
# texture vertex indices from 1637 to 1639

f  1421/1637 1422/1638 1423/1639
vt 114.637 -53.456
vt 114.572 -53.5957
vt 116.392 -53.5957
vt 116.457 -53.456
# texture vertex indices from 1640 to 1643

f  1424/1640 1417/1641 1420/1642 1427/1643
vt 72.0121 -53.5957
vt 72.0502 -53.5957
vt 72.0502 -53.456
vt 72.0121 -53.456
# texture vertex indices from 1644 to 1647

f  1418/1644 1417/1645 1424/1646 1431/1647
vt 116.377 -53.5824
vt 116.396 -53.5864
vt 116.392 -53.5957
vt 114.637 -53.456
vt 116.436 -53.456
vt 116.377 -53.5824
vt 114.637 -53.456
vt 116.377 -53.5824
vt 116.392 -53.5957
vt 114.572 -53.5957
vt 114.637 -53.456
vt 116.392 -53.5957
# texture vertex indices from 1648 to 1659

f  1423/1648 1422/1649 1419/1650
f  1431/1651 1432/1652 1423/1653
f  1431/1654 1423/1655 1419/1656
f  1418/1657 1431/1658 1419/1659
vt 116.398 -53.5824
vt 116.377 -53.5824
vt 116.436 -53.456
vt 116.457 -53.456
# texture vertex indices from 1660 to 1663

f  1421/1660 1423/1661 1432/1662 1441/1663
vt 72.0311 -53.5824
vt 72.0311 -53.456
vt 72.0502 -53.456
vt 72.0121 -53.5957
vt 72.0121 -53.5864
vt 72.0502 -53.5957
vt 72.0502 -53.5957
vt 72.0121 -53.5864
vt 72.0311 -53.5824
vt 72.0502 -53.5957
vt 72.0311 -53.5824
vt 72.0502 -53.456
# texture vertex indices from 1664 to 1675

f  1421/1664 1441/1665 1427/1666
f  1419/1667 1422/1668 1420/1669
f  1420/1670 1422/1671 1421/1672
f  1420/1673 1421/1674 1427/1675
vt 116.457 72.0502
vt 116.457 72.0311
vt 116.436 72.0121
vt 114.637 72.0121
vt 114.637 72.0502
# texture vertex indices from 1676 to 1680

f  1427/1676 1441/1677 1432/1678 1431/1679 1424/1680

g BEAM  Paint_-_Light_Gray

usemtl Paint_-_Light_Gray

v -4979.83 2812.62 -6.06858
v -4979.83 2811.12 -6.06858
v -5020.77 2811.12 13.0217
v -5020.77 2812.62 13.0217
v -5020.77 2811.87 13.5797
v -5020.77 2811.12 13.4045
v -5020.02 2811.12 13.2293
v -4979.83 2812.62 0
v -4979.83 2812.62 -6.06858
v -5020.77 2812.62 13.0217
v -5020.77 2812.62 19.0903
v -4979.83 2811.12 -6.06858
v -4979.83 2812.62 -6.06858
v -4979.83 2812.62 0
v -4979.83 2811.12 0
v -5020.02 2811.12 18.7406
v -5020.02 2811.12 13.2293
v -5020.77 2811.12 13.4045
v -5020.77 2811.12 13.0217
v -4979.83 2811.12 -6.06858
v -4979.83 2811.12 0
v -5020.77 2811.87 13.5797
v -5020.02 2811.12 13.2293
v -5020.02 2811.12 18.7406
v -5020.77 2811.87 19.0903
v -5020.77 2811.12 13.4045
v -5020.77 2811.87 13.5797
v -5020.77 2811.87 19.0903
v -5020.77 2812.62 19.0903
v -5020.77 2812.62 13.0217
v -5020.77 2811.12 13.0217
v -5020.77 2812.62 19.0903
v -5020.77 2811.87 19.0903
v -5020.02 2811.12 18.7406
v -4979.83 2811.12 0
v -4979.83 2812.62 0
# vertex indices from 1453 to 1488

s off
vt 114.572 71.4406
vt 114.572 71.4025
vt 115.719 71.4025
vt 115.719 71.4406
# texture vertex indices from 1681 to 1684

f  1453/1681 1454/1682 1455/1683 1456/1684
vt 115.725 71.4215
vt 115.723 71.4025
vt 115.704 71.4025
# texture vertex indices from 1685 to 1687

f  1457/1685 1458/1686 1459/1687
vt 114.637 -53.456
vt 114.572 -53.5957
vt 115.719 -53.5957
vt 115.784 -53.456
# texture vertex indices from 1688 to 1691

f  1460/1688 1453/1689 1456/1690 1463/1691
vt 71.4025 -53.5957
vt 71.4406 -53.5957
vt 71.4406 -53.456
vt 71.4025 -53.456
# texture vertex indices from 1692 to 1695

f  1454/1692 1453/1693 1460/1694 1467/1695
vt 115.704 -53.5828
vt 115.723 -53.5869
vt 115.719 -53.5957
vt 114.637 -53.456
vt 115.763 -53.456
vt 115.704 -53.5828
vt 114.637 -53.456
vt 115.704 -53.5828
vt 115.719 -53.5957
vt 114.572 -53.5957
vt 114.637 -53.456
vt 115.719 -53.5957
# texture vertex indices from 1696 to 1707

f  1459/1696 1458/1697 1455/1698
f  1467/1699 1468/1700 1459/1701
f  1467/1702 1459/1703 1455/1704
f  1454/1705 1467/1706 1455/1707
vt 115.725 -53.5828
vt 115.704 -53.5828
vt 115.763 -53.456
vt 115.784 -53.456
# texture vertex indices from 1708 to 1711

f  1457/1708 1459/1709 1468/1710 1477/1711
vt 71.4215 -53.5828
vt 71.4215 -53.456
vt 71.4406 -53.456
vt 71.4025 -53.5957
vt 71.4025 -53.5869
vt 71.4406 -53.5957
vt 71.4406 -53.5957
vt 71.4025 -53.5869
vt 71.4215 -53.5828
vt 71.4406 -53.5957
vt 71.4215 -53.5828
vt 71.4406 -53.456
# texture vertex indices from 1712 to 1723

f  1457/1712 1477/1713 1463/1714
f  1455/1715 1458/1716 1456/1717
f  1456/1718 1458/1719 1457/1720
f  1456/1721 1457/1722 1463/1723
vt 115.784 71.4406
vt 115.784 71.4215
vt 115.763 71.4025
vt 114.637 71.4025
vt 114.637 71.4406
# texture vertex indices from 1724 to 1728

f  1463/1724 1477/1725 1468/1726 1467/1727 1460/1728

g BEAM  Paint_-_Light_Gray

usemtl Paint_-_Light_Gray

v -5039.08 2769.87 0
v -5040.58 2769.87 0
v -5040.58 2769.87 -6.06858
v -5039.08 2769.87 -6.06858
v -5040.58 2769.87 -6.06858
v -5040.58 2769.87 0
v -5040.58 2828.81 27.4839
v -5040.58 2828.81 21.4153
v -5039.08 2769.87 -6.06858
v -5040.58 2769.87 -6.06858
v -5040.58 2828.81 21.4153
v -5039.08 2828.81 21.4153
v -5039.08 2828.81 21.813
v -5039.08 2828.06 21.6378
v -5039.08 2828.06 27.1341
v -5039.08 2769.87 0
v -5039.08 2769.87 -6.06858
v -5039.08 2828.81 21.4153
v -5039.83 2828.81 21.9881
v -5039.08 2828.06 21.6378
v -5039.08 2828.81 21.813
v -5039.83 2828.81 21.9881
v -5039.83 2828.81 27.4839
v -5039.08 2828.06 27.1341
v -5039.08 2828.06 21.6378
v -5039.08 2769.87 0
v -5039.08 2828.06 27.1341
v -5039.83 2828.81 27.4839
v -5040.58 2828.81 27.4839
v -5040.58 2769.87 0
v -5040.58 2828.81 27.4839
v -5039.83 2828.81 27.4839
v -5039.83 2828.81 21.9881
v -5039.08 2828.81 21.813
v -5039.08 2828.81 21.4153
v -5040.58 2828.81 21.4153
# vertex indices from 1489 to 1524

s off
vt -127.993 -29.7332
vt -128.031 -29.7332
vt -128.031 -29.8729
vt -127.993 -29.8729
# texture vertex indices from 1729 to 1732

f  1489/1729 1490/1730 1491/1731 1492/1732
vt 63.6979 -29.8729
vt 63.7631 -29.7332
vt 65.4149 -29.7332
vt 65.3497 -29.8729
# texture vertex indices from 1733 to 1736

f  1491/1733 1490/1734 1495/1735 1496/1736
vt 63.6979 -127.993
vt 63.6979 -128.031
vt 65.3497 -128.031
vt 65.3497 -127.993
# texture vertex indices from 1737 to 1740

f  1492/1737 1491/1738 1496/1739 1500/1740
vt 65.3497 -29.8729
vt 65.354 -29.8637
vt 65.3349 -29.8597
vt 65.3349 -29.8597
vt 65.3939 -29.7332
vt 63.7631 -29.7332
vt 65.3497 -29.8729
vt 65.3349 -29.8597
vt 63.7631 -29.7332
vt 63.6979 -29.8729
vt 65.3497 -29.8729
vt 63.7631 -29.7332
# texture vertex indices from 1741 to 1752

f  1500/1741 1501/1742 1502/1743
f  1502/1744 1503/1745 1489/1746
f  1500/1747 1502/1748 1489/1749
f  1492/1750 1500/1751 1489/1752
vt 65.3559 -128.012
vt 65.3349 -127.993
vt 65.354 -127.993
# texture vertex indices from 1753 to 1755

f  1507/1753 1502/1754 1501/1755
vt 65.3559 -29.8597
vt 65.4149 -29.7332
vt 65.3939 -29.7332
vt 65.3349 -29.8597
# texture vertex indices from 1756 to 1759

f  1507/1756 1511/1757 1503/1758 1502/1759
vt 63.7631 -127.993
vt 65.3939 -127.993
vt 65.4149 -128.012
vt 65.4149 -128.031
vt 63.7631 -128.031
# texture vertex indices from 1760 to 1764

f  1489/1760 1503/1761 1511/1762 1495/1763 1490/1764
vt -128.031 -29.7332
vt -128.012 -29.7332
vt -128.012 -29.8597
vt -128.031 -29.8729
vt -128.031 -29.7332
vt -128.012 -29.8597
vt -128.031 -29.8729
vt -128.012 -29.8597
vt -127.993 -29.8637
vt -128.031 -29.8729
vt -127.993 -29.8637
vt -127.993 -29.8729
# texture vertex indices from 1765 to 1776

f  1495/1765 1511/1766 1507/1767
f  1496/1768 1495/1769 1507/1770
f  1496/1771 1507/1772 1501/1773
f  1496/1774 1501/1775 1500/1776

g BEAM  Paint_-_Light_Gray

usemtl Paint_-_Light_Gray

v -5015.08 2769.87 0
v -5016.58 2769.87 0
v -5016.58 2769.87 -6.06858
v -5015.08 2769.87 -6.06858
v -5016.58 2769.87 -6.06858
v -5016.58 2769.87 0
v -5016.58 2804.81 16.2925
v -5016.58 2804.81 10.2239
v -5015.08 2769.87 -6.06858
v -5016.58 2769.87 -6.06858
v -5016.58 2804.81 10.2239
v -5015.08 2804.81 10.2239
v -5015.08 2804.81 10.6017
v -5015.08 2804.06 10.4265
v -5015.08 2804.06 15.9428
v -5015.08 2769.87 0
v -5015.08 2769.87 -6.06858
v -5015.08 2804.81 10.2239
v -5015.83 2804.81 10.7769
v -5015.08 2804.06 10.4265
v -5015.08 2804.81 10.6017
v -5015.83 2804.81 10.7769
v -5015.83 2804.81 16.2925
v -5015.08 2804.06 15.9428
v -5015.08 2804.06 10.4265
v -5015.08 2769.87 0
v -5015.08 2804.06 15.9428
v -5015.83 2804.81 16.2925
v -5016.58 2804.81 16.2925
v -5016.58 2769.87 0
v -5016.58 2804.81 16.2925
v -5015.83 2804.81 16.2925
v -5015.83 2804.81 10.7769
v -5015.08 2804.81 10.6017
v -5015.08 2804.81 10.2239
v -5016.58 2804.81 10.2239
# vertex indices from 1525 to 1560

s off
vt -127.383 -29.7332
vt -127.421 -29.7332
vt -127.421 -29.8729
vt -127.383 -29.8729
# texture vertex indices from 1777 to 1780

f  1525/1777 1526/1778 1527/1779 1528/1780
vt 63.6979 -29.8729
vt 63.7631 -29.7332
vt 64.7423 -29.7332
vt 64.6771 -29.8729
# texture vertex indices from 1781 to 1784

f  1527/1781 1526/1782 1531/1783 1532/1784
vt 63.6979 -127.383
vt 63.6979 -127.421
vt 64.6771 -127.421
vt 64.6771 -127.383
# texture vertex indices from 1785 to 1788

f  1528/1785 1527/1786 1532/1787 1536/1788
vt 64.6771 -29.8729
vt 64.6812 -29.8642
vt 64.662 -29.8602
vt 64.662 -29.8602
vt 64.7212 -29.7332
vt 63.7631 -29.7332
vt 64.6771 -29.8729
vt 64.662 -29.8602
vt 63.7631 -29.7332
vt 63.6979 -29.8729
vt 64.6771 -29.8729
vt 63.7631 -29.7332
# texture vertex indices from 1789 to 1800

f  1536/1789 1537/1790 1538/1791
f  1538/1792 1539/1793 1525/1794
f  1536/1795 1538/1796 1525/1797
f  1528/1798 1536/1799 1525/1800
vt 64.6831 -127.402
vt 64.662 -127.383
vt 64.6812 -127.383
# texture vertex indices from 1801 to 1803

f  1543/1801 1538/1802 1537/1803
vt 64.6831 -29.8602
vt 64.7423 -29.7332
vt 64.7212 -29.7332
vt 64.662 -29.8602
# texture vertex indices from 1804 to 1807

f  1543/1804 1547/1805 1539/1806 1538/1807
vt 63.7631 -127.383
vt 64.7212 -127.383
vt 64.7423 -127.402
vt 64.7423 -127.421
vt 63.7631 -127.421
# texture vertex indices from 1808 to 1812

f  1525/1808 1539/1809 1547/1810 1531/1811 1526/1812
vt -127.421 -29.7332
vt -127.402 -29.7332
vt -127.402 -29.8602
vt -127.421 -29.8729
vt -127.421 -29.7332
vt -127.402 -29.8602
vt -127.421 -29.8729
vt -127.402 -29.8602
vt -127.383 -29.8642
vt -127.421 -29.8729
vt -127.383 -29.8642
vt -127.383 -29.8729
# texture vertex indices from 1813 to 1824

f  1531/1813 1547/1814 1543/1815
f  1532/1816 1531/1817 1543/1818
f  1532/1819 1543/1820 1537/1821
f  1532/1822 1537/1823 1536/1824

g BEAM  Paint_-_Light_Gray

usemtl Paint_-_Light_Gray

v -4980.36 3070.4 -9.17901e-14
v -5063.61 2987.15 38.8891
v -5062.55 2986.09 38.8891
v -4979.3 3069.34 -9.17901e-14
v -4979.3 3069.34 -9.17901e-14
v -4979.3 3069.34 -5.79228
v -4980.36 3070.4 -5.79228
v -4980.36 3070.4 -9.17901e-14
v -4980.36 3070.4 -5.79228
v -5063.61 2987.15 33.0968
v -5063.61 2987.15 38.8891
v -4980.36 3070.4 -9.17901e-14
v -5063.61 2987.15 33.0968
v -5062.55 2986.09 33.0968
v -5062.55 2986.09 38.8891
v -5063.61 2987.15 38.8891
v -4979.3 3069.34 -9.17901e-14
v -5062.55 2986.09 38.8891
v -5062.55 2986.09 33.0968
v -4979.3 3069.34 -5.79228
v -4979.3 3069.34 -5.79228
v -5062.55 2986.09 33.0968
v -5063.61 2987.15 33.0968
v -4980.36 3070.4 -5.79228
# vertex indices from 1561 to 1584

s off
vt 32.5728 144.596
vt 35.7221 144.596
vt 35.7221 144.558
vt 32.5728 144.558
# texture vertex indices from 1825 to 1828

f  1561/1825 1562/1826 1563/1827 1564/1828
vt 144.558 -10.7593
vt 144.558 -10.899
vt 144.596 -10.899
vt 144.596 -10.7593
# texture vertex indices from 1829 to 1832

f  1564/1829 1566/1830 1567/1831 1561/1832
vt 32.5266 -10.899
vt 35.676 -10.899
vt 35.7221 -10.7593
vt 32.5728 -10.7593
# texture vertex indices from 1833 to 1836

f  1567/1833 1570/1834 1562/1835 1561/1836
vt 144.596 -10.899
vt 144.558 -10.899
vt 144.558 -10.7593
vt 144.596 -10.7593
# texture vertex indices from 1837 to 1840

f  1570/1837 1574/1838 1563/1839 1562/1840
vt 32.5728 -10.7593
vt 35.7221 -10.7593
vt 35.676 -10.899
vt 32.5266 -10.899
# texture vertex indices from 1841 to 1844

f  1564/1841 1563/1842 1574/1843 1566/1844
vt 32.5266 144.558
vt 35.676 144.558
vt 35.676 144.596
vt 32.5266 144.596
# texture vertex indices from 1845 to 1848

f  1566/1845 1574/1846 1570/1847 1567/1848

g BEAM  Paint_-_Light_Gray

usemtl Paint_-_Light_Gray

v -4980.36 2769.34 -5.79228
v -5063.61 2852.59 33.0968
v -5062.55 2853.65 33.0968
v -4979.3 2770.4 -5.79228
v -4979.3 2770.4 -5.79228
v -4979.3 2770.4 0
v -4980.36 2769.34 0
v -4980.36 2769.34 -5.79228
v -4980.36 2769.34 0
v -5063.61 2852.59 38.8891
v -5063.61 2852.59 33.0968
v -4980.36 2769.34 -5.79228
v -5063.61 2852.59 38.8891
v -5062.55 2853.65 38.8891
v -5062.55 2853.65 33.0968
v -5063.61 2852.59 33.0968
v -4979.3 2770.4 -5.79228
v -5062.55 2853.65 33.0968
v -5062.55 2853.65 38.8891
v -4979.3 2770.4 0
v -4979.3 2770.4 0
v -5062.55 2853.65 38.8891
v -5063.61 2852.59 38.8891
v -4980.36 2769.34 0
# vertex indices from 1585 to 1608

s off
vt 132.119 -39.711
vt 135.268 -39.711
vt 135.268 -39.6729
vt 132.119 -39.6729
# texture vertex indices from 1849 to 1852

f  1585/1849 1586/1850 1587/1851 1588/1852
vt -39.6729 -43.7958
vt -39.6729 -43.6561
vt -39.711 -43.6561
vt -39.711 -43.7958
# texture vertex indices from 1853 to 1856

f  1588/1853 1590/1854 1591/1855 1585/1856
vt 132.165 -43.6561
vt 135.314 -43.6561
vt 135.268 -43.7958
vt 132.119 -43.7958
# texture vertex indices from 1857 to 1860

f  1591/1857 1594/1858 1586/1859 1585/1860
vt -39.711 -43.6561
vt -39.6729 -43.6561
vt -39.6729 -43.7958
vt -39.711 -43.7958
# texture vertex indices from 1861 to 1864

f  1594/1861 1598/1862 1587/1863 1586/1864
vt 132.119 -43.7958
vt 135.268 -43.7958
vt 135.314 -43.6561
vt 132.165 -43.6561
# texture vertex indices from 1865 to 1868

f  1588/1865 1587/1866 1598/1867 1590/1868
vt 132.165 -39.6729
vt 135.314 -39.6729
vt 135.314 -39.711
vt 132.165 -39.711
# texture vertex indices from 1869 to 1872

f  1590/1869 1598/1870 1594/1871 1591/1872
